Recorder,CanESM2_rcp45/Lake McClure Inflow,CanESM2_rcp45/node/Basin Outflow/flow,CanESM2_rcp45/Lake McClure Outflow Flood Days,CanESM2_rcp45/Lake McClure Inflow Flood Days,CanESM2_rcp45/node/blwNewExchequerPH/flow/ifr_not_met,CanESM2_rcp45/node/Merced R below Crocker-Huffman Dam/flow/ifr_not_met,CanESM2_rcp45/Lake McClure Flood Control [node]/ifr_not_met,CanESM2_rcp45/New Exchequer PH/Hydropower Production,CanESM2_rcp45/New Merced Falls PH/Hydropower Production,CanESM2_rcp45/New McSwain PH/Hydropower Production,CanESM2_rcp85/Lake McClure Inflow,CanESM2_rcp85/node/Basin Outflow/flow,CanESM2_rcp85/Lake McClure Outflow Flood Days,CanESM2_rcp85/Lake McClure Inflow Flood Days,CanESM2_rcp85/node/blwNewExchequerPH/flow/ifr_not_met,CanESM2_rcp85/node/Merced R below Crocker-Huffman Dam/flow/ifr_not_met,CanESM2_rcp85/Lake McClure Flood Control [node]/ifr_not_met,CanESM2_rcp85/New Exchequer PH/Hydropower Production,CanESM2_rcp85/New Merced Falls PH/Hydropower Production,CanESM2_rcp85/New McSwain PH/Hydropower Production,CNRM-CM5_rcp45/Lake McClure Inflow,CNRM-CM5_rcp45/node/Basin Outflow/flow,CNRM-CM5_rcp45/Lake McClure Outflow Flood Days,CNRM-CM5_rcp45/Lake McClure Inflow Flood Days,CNRM-CM5_rcp45/node/blwNewExchequerPH/flow/ifr_not_met,CNRM-CM5_rcp45/node/Merced R below Crocker-Huffman Dam/flow/ifr_not_met,CNRM-CM5_rcp45/Lake McClure Flood Control [node]/ifr_not_met,CNRM-CM5_rcp45/New Exchequer PH/Hydropower Production,CNRM-CM5_rcp45/New Merced Falls PH/Hydropower Production,CNRM-CM5_rcp45/New McSwain PH/Hydropower Production,CNRM-CM5_rcp85/Lake McClure Inflow,CNRM-CM5_rcp85/node/Basin Outflow/flow,CNRM-CM5_rcp85/Lake McClure Outflow Flood Days,CNRM-CM5_rcp85/Lake McClure Inflow Flood Days,CNRM-CM5_rcp85/node/blwNewExchequerPH/flow/ifr_not_met,CNRM-CM5_rcp85/node/Merced R below Crocker-Huffman Dam/flow/ifr_not_met,CNRM-CM5_rcp85/Lake McClure Flood Control [node]/ifr_not_met,CNRM-CM5_rcp85/New Exchequer PH/Hydropower Production,CNRM-CM5_rcp85/New Merced Falls PH/Hydropower Production,CNRM-CM5_rcp85/New McSwain PH/Hydropower Production,HadGEM2-ES_rcp45/Lake McClure Inflow,HadGEM2-ES_rcp45/node/Basin Outflow/flow,HadGEM2-ES_rcp45/Lake McClure Outflow Flood Days,HadGEM2-ES_rcp45/Lake McClure Inflow Flood Days,HadGEM2-ES_rcp45/node/blwNewExchequerPH/flow/ifr_not_met,HadGEM2-ES_rcp45/node/Merced R below Crocker-Huffman Dam/flow/ifr_not_met,HadGEM2-ES_rcp45/Lake McClure Flood Control [node]/ifr_not_met,HadGEM2-ES_rcp45/New Exchequer PH/Hydropower Production,HadGEM2-ES_rcp45/New Merced Falls PH/Hydropower Production,HadGEM2-ES_rcp45/New McSwain PH/Hydropower Production,HadGEM2-ES_rcp85/Lake McClure Inflow,HadGEM2-ES_rcp85/node/Basin Outflow/flow,HadGEM2-ES_rcp85/Lake McClure Outflow Flood Days,HadGEM2-ES_rcp85/Lake McClure Inflow Flood Days,HadGEM2-ES_rcp85/node/blwNewExchequerPH/flow/ifr_not_met,HadGEM2-ES_rcp85/node/Merced R below Crocker-Huffman Dam/flow/ifr_not_met,HadGEM2-ES_rcp85/Lake McClure Flood Control [node]/ifr_not_met,HadGEM2-ES_rcp85/New Exchequer PH/Hydropower Production,HadGEM2-ES_rcp85/New Merced Falls PH/Hydropower Production,HadGEM2-ES_rcp85/New McSwain PH/Hydropower Production,MIROC5_rcp45/Lake McClure Inflow,MIROC5_rcp45/node/Basin Outflow/flow,MIROC5_rcp45/Lake McClure Outflow Flood Days,MIROC5_rcp45/Lake McClure Inflow Flood Days,MIROC5_rcp45/node/blwNewExchequerPH/flow/ifr_not_met,MIROC5_rcp45/node/Merced R below Crocker-Huffman Dam/flow/ifr_not_met,MIROC5_rcp45/Lake McClure Flood Control [node]/ifr_not_met,MIROC5_rcp45/New Exchequer PH/Hydropower Production,MIROC5_rcp45/New Merced Falls PH/Hydropower Production,MIROC5_rcp45/New McSwain PH/Hydropower Production,MIROC5_rcp85/Lake McClure Inflow,MIROC5_rcp85/node/Basin Outflow/flow,MIROC5_rcp85/Lake McClure Outflow Flood Days,MIROC5_rcp85/Lake McClure Inflow Flood Days,MIROC5_rcp85/node/blwNewExchequerPH/flow/ifr_not_met,MIROC5_rcp85/node/Merced R below Crocker-Huffman Dam/flow/ifr_not_met,MIROC5_rcp85/Lake McClure Flood Control [node]/ifr_not_met,MIROC5_rcp85/New Exchequer PH/Hydropower Production,MIROC5_rcp85/New Merced Falls PH/Hydropower Production,MIROC5_rcp85/New McSwain PH/Hydropower Production
2070,38.172442115043836,17.24853759318629,0.0,0.4657534246575342,0.0,0.0,0.0,4504.130441853154,5131.206439753699,14880.65958431398,12.979040488158901,5.558985744939733,0.0,0.2493150684931507,0.0,0.0,0.0,3811.972972412607,1703.1948753493143,8035.8817507928825,79.98125411296166,51.450085403854885,0.06027397260273973,0.5671232876712329,0.0,0.0,0.0,4721.52324350356,14805.310297157823,27752.571061090952,75.49426634813148,50.45985251769037,0.06575342465753424,0.536986301369863,0.0,0.0,0.0,5193.141985384373,14525.217249392064,27380.02011457643,39.32189106488491,10.536281103816442,0.005479452054794521,0.4657534246575342,0.0,0.0,0.0,3830.1606180224753,3232.6062138016387,12355.336953620554,18.951099081569847,5.6094186216520505,0.0,0.40821917808219177,0.0,0.0,0.0,3815.618052628223,1704.6305369950646,7668.4303326257495,28.52039751618082,5.710284375063022,0.0,0.536986301369863,0.0,0.0,0.0,3821.450180832879,1852.6778755210933,10124.47171902465,22.179167951490413,5.683128210693153,0.0,0.4520547945205479,0.0,0.0,0.0,3625.206221178638,1677.7979152139717,6671.285929676445
2071,47.52927881316164,31.570456077761495,0.01643835616438356,0.4794520547945205,0.0,0.0,0.0,4225.118200811786,9167.204980934526,20305.05571892249,86.85603134141373,50.762197865293096,0.08493150684931507,0.6986301369863014,0.0,0.0,0.0,4558.157648494795,14595.457745076454,27532.4126148696,52.11425993852593,40.215668789569754,0.0547945205479452,0.5397260273972603,0.0,0.0,0.0,4835.0662959326,11612.552954993953,23557.605937008222,15.49859280595068,8.378879136890383,0.0027397260273972603,0.09041095890410959,0.0,0.0,0.0,4478.877168399725,2506.3534294816395,9120.882657419454,17.124189185578082,7.184828600895877,0.0,0.3178082191780822,0.0,0.0,0.0,3820.447187309869,2198.3591423476705,9125.05487125452,54.24474269379455,25.290968381871096,0.04657534246575343,0.4712328767123288,0.0,0.0,0.0,3857.745309185215,7386.500711085778,17854.104202155053,87.49011786030955,63.45671759562474,0.11232876712328767,0.5972602739726027,0.0,0.0,0.0,4422.780029897537,18186.41683826603,32305.897253857558,84.12783722153154,43.82032838965191,0.06301369863013699,0.6438356164383562,0.0,0.0,0.0,4236.339894269591,12632.048306022758,24921.89454881097
2072,12.292082410565579,5.428507641811468,0.0,0.21311475409836064,0.0,0.0,0.0,3795.0746264349773,1724.8989556833292,7092.111833920488,67.20246737680326,52.35555948182249,0.06284153005464481,0.592896174863388,0.0,0.0,0.0,4993.803986922126,15009.835450016115,24970.31824196724,25.460301831265014,9.127216359297813,0.00546448087431694,0.3114754098360656,0.0,0.0,0.0,3829.4108289420806,2773.473199070761,8522.458231784698,57.9490253367378,35.29470444609552,0.02185792349726776,0.6038251366120219,0.0,0.0,0.0,4727.561345974041,10184.07480236394,18551.588059956288,31.290501676855236,9.492840466885248,0.0,0.4453551912568306,0.0,0.0,0.0,3819.948505884982,2885.8696668795073,8844.266666395071,35.27664748276502,15.764510013368906,0.00546448087431694,0.4453551912568306,0.0,0.0,0.0,4040.1390181584725,4659.847350392349,11208.23126905246,29.849337597385244,17.109869508177656,0.01366120218579235,0.39344262295081966,0.0,0.0,0.0,4057.32506153716,5040.389995945355,11709.987880833618,47.7419726983389,38.70694388327036,0.03278688524590164,0.4672131147540984,0.0,0.0,0.0,4658.339309500546,11149.246287907654,19830.95778931585
2073,46.91030166658628,14.09725990707672,0.019178082191780823,0.5589041095890411,0.0,0.0,0.0,3897.9407402780894,4241.15082225698,13044.270664321912,62.64789480243017,46.92063316841925,0.06575342465753424,0.5643835616438356,0.0,0.0,0.0,4853.614579526573,13525.50692358905,25385.42049216847,84.83709507470414,56.31249677940828,0.0821917808219178,0.5835616438356165,0.0,0.0,0.0,4793.4023831189015,16182.049384687703,28923.29399568487,64.83629448730954,45.58455982743272,0.024657534246575342,0.5780821917808219,0.0,0.0,0.0,5034.615867587666,13147.59091856961,24887.1696292822,18.916061564813685,5.47363779973424,0.0,0.336986301369863,0.0,0.0,0.0,3821.1745573676767,1801.9866891005443,9796.414487610955,31.377021226180833,9.37644421029041,0.00821917808219178,0.4273972602739726,0.0,0.0,0.0,3870.8629863208257,2905.9178550753372,11264.750116058354,53.541017727723265,25.37452892488206,0.03561643835616438,0.4767123287671233,0.0,0.0,0.0,3907.5511778556224,7431.067825442211,17288.053024561657,17.159397706553435,5.652092594241109,0.0,0.35342465753424657,0.0,0.0,0.0,3817.926946434251,1774.0141545958884,8519.476692793702
2074,38.838984724893116,18.296859219115056,0.0,0.4904109589041096,0.0,0.0,0.0,4228.325106746032,5429.108375976168,14620.838479072045,73.63025323427398,48.016809151320444,0.03561643835616438,0.6027397260273972,0.0,0.0,0.0,5651.551271051218,13835.566583433694,25806.658168441114,60.428683597643875,39.38334283493411,0.06301369863013699,0.536986301369863,0.0,0.0,0.0,5072.576322288488,11393.541145034269,22554.113132986047,92.49608754762185,70.50550806061081,0.09041095890410959,0.6547945205479452,0.0,0.0,0.0,5832.928644594502,20196.623985837552,34263.0679796575,53.48931982425483,24.37064573356982,0.01643835616438356,0.4191780821917808,0.0,0.0,0.0,3916.074520668775,7147.1137102372795,16905.95237016823,46.433352416926,20.960807372747933,0.03561643835616438,0.5232876712328767,0.0,0.0,0.0,4322.102776052606,6182.621382619735,15623.083934331507,45.50971550363284,24.002433141657512,0.024657534246575342,0.4383561643835616,0.0,0.0,0.0,4313.8630834695905,7042.962667352609,16767.421371559452,30.741015339158896,5.979166566857535,0.0,0.4273972602739726,0.0,0.0,0.0,3827.244553804667,1944.9783988350655,9986.607344397537
2075,50.822111657953386,35.19026948373411,0.03287671232876712,0.5178082191780822,0.0,0.0,0.0,4686.1022809854785,10206.128155547405,21626.38406398082,24.227104971112343,15.757848693035678,0.0,0.3726027397260274,0.0,0.0,0.0,4503.292605217258,4702.809416022195,14116.840944516433,44.46194835023561,30.38902522093409,0.038356164383561646,0.4876712328767123,0.0,0.0,0.0,4637.032648558902,8848.068692947398,19820.03312825069,61.02372433544382,45.77794148423845,0.0273972602739726,0.589041095890411,0.0,0.0,0.0,4837.496349324928,13200.911875079464,25609.737167013696,38.509532182726005,14.581728074391798,0.0027397260273972603,0.4767123287671233,0.0,0.0,0.0,4025.7072995778135,4376.88407997123,13881.751723199728,15.894157366969859,10.774265967317772,0.005479452054794521,0.2684931506849315,0.0,0.0,0.0,4436.415279385478,3271.691533641093,11310.69650850684,19.883353588087687,11.025573553268455,0.0,0.4273972602739726,0.0,0.0,0.0,4716.703290793967,3369.083461256162,12515.528048560536,10.324924849123297,5.489155607953421,0.0,0.27671232876712326,0.0,0.0,0.0,3807.963727601924,1697.7022752199969,8201.74586874685
2076,26.32780215804919,5.6142125598442645,0.0,0.42896174863387976,0.0,0.0,0.0,3821.430002638258,1841.0667392341506,9828.730394408194,21.933461023822414,7.244729104652986,0.00273224043715847,0.3825136612021858,0.0,0.0,0.0,3817.990498656289,2239.654381724586,9276.944002267212,24.2131711892787,6.001814753713115,0.00273224043715847,0.33060109289617484,0.0,0.0,0.0,3804.4073537439936,1950.7022417147505,9974.556256954096,28.707342889535575,14.689614980254172,0.00546448087431694,0.4207650273224044,0.0,0.0,0.0,4487.616313982784,4405.270097701363,13213.16761979399,83.45573421810374,60.16811258498353,0.04644808743169399,0.6475409836065574,0.0,0.0,0.0,5776.998224094243,17271.95009134125,30353.3033961284,30.977338249153032,7.5894409198715875,0.00273224043715847,0.39344262295081966,0.0,0.0,0.0,3850.9006678437186,2320.9836039920715,9227.200015463111,4.169099866480879,5.428507641811468,0.0,0.03825136612021858,0.0,0.0,0.0,3039.065816781689,1552.3905032109246,5350.854872861196,93.28188820271315,53.83791527428406,0.07650273224043716,0.6284153005464481,0.0,0.0,0.0,4992.0554734133775,15480.946923260666,27968.48867902597
2077,81.04416005542464,49.965826731161556,0.0410958904109589,0.6356164383561644,0.0,0.0,0.0,5371.571980549304,14370.441020769329,27234.693046036195,28.53283301881368,5.991540443789041,0.0,0.3589041095890411,0.0,0.0,0.0,3825.5250217394564,1916.0708452167098,9883.471076651227,101.1052633842959,68.07928443869847,0.1178082191780822,0.6328767123287671,0.0,0.0,0.0,5094.148057324377,19493.936369434276,34049.439287144975,34.74479682578356,13.798522343643858,0.0,0.4,0.0,0.0,0.0,3959.1454855016473,4123.831544232047,13162.132133435067,72.67754020823291,50.393319410994536,0.043835616438356165,0.6,0.0,0.0,0.0,5151.087245430404,14491.359775989595,27391.112617994542,86.840516657748,57.886036427115116,0.09041095890410959,0.6,0.0,0.0,0.0,4798.96105625397,16610.717735402755,30210.06446773152,8.81362816952602,5.493035060008217,0.0,0.18356164383561643,0.0,0.0,0.0,1673.1337497843879,1587.736160869314,2655.0552972153546,53.701690610169884,42.96579716886835,0.04657534246575343,0.4958904109589041,0.0,0.0,0.0,4836.119017765202,12390.442532135638,24592.27459771509
2078,32.07291430990956,13.701772749745219,0.005479452054794521,0.4410958904109589,0.0,0.0,0.0,4578.399372179451,4129.361827223281,12892.049380077538,31.847685529002728,9.602879652241098,0.005479452054794521,0.3726027397260274,0.0,0.0,0.0,3877.036394092056,2897.143574081365,10074.56235278082,81.81996399304104,61.24891472542183,0.0410958904109589,0.5589041095890411,0.0,0.0,0.0,5621.9373200756,17578.343498987422,30780.500730370986,42.09129756709038,11.848467264134227,0.00821917808219178,0.4767123287671233,0.0,0.0,0.0,3856.429307040551,3605.042242041092,12197.88892966,14.111535707517822,6.3410094623643785,0.0,0.2356164383561644,0.0,0.0,0.0,3916.7023836608255,2045.5773835745163,10105.948893593695,49.506098557676715,30.52924127250947,0.019178082191780823,0.473972602739726,0.0,0.0,0.0,4430.580347052604,8889.107762255639,19218.55947210359,28.081025202408227,6.0528761558986295,0.0,0.5041095890410959,0.0,0.0,0.0,3831.861655532885,1906.250548983281,8513.497436930991,7.418415688331499,5.442602183295882,0.0,0.19726027397260273,0.0,0.0,0.0,3567.3179137627494,1617.3812283789005,7171.545826735893
2079,44.92899469168491,23.76047262752596,0.00821917808219178,0.5506849315068493,0.0,0.0,0.0,4511.261839937262,6973.144594449318,17326.202045498063,125.23924632738914,94.2400468080244,0.1863013698630137,0.6684931506849315,0.0,0.0,0.0,5691.60130090053,26908.696172257805,43846.835248090436,70.87381476915336,48.57664132877249,0.052054794520547946,0.663013698630137,0.0,0.0,0.0,5665.511246068479,13992.540168883019,26667.09376866846,103.95988695113705,78.15217559967382,0.07671232876712329,0.5753424657534246,0.0,0.0,0.0,4911.491175106022,22358.14957737397,37794.166476871775,27.523385560413676,6.233572727679443,0.0027397260273972603,0.4465753424657534,0.0,0.0,0.0,3837.80344915973,2011.2275271884905,10646.757865551785,43.47773100076986,24.84528392503295,0.0136986301369863,0.4054794520547945,0.0,0.0,0.0,4392.675927436435,7279.989687989593,17743.164036341914,10.937153248676717,5.543467936720547,0.0,0.31232876712328766,0.0,0.0,0.0,3409.0155623983705,1585.3051589219158,5945.9371411419215,31.490575202745205,5.5007939641178005,0.0,0.336986301369863,0.0,0.0,0.0,3970.143284904113,1716.7364930323267,8157.982855616435
2080,63.314196787404434,38.03574259049167,0.0546448087431694,0.5546448087431693,0.0,0.0,0.0,4615.815589388524,10995.299916037435,22723.662353088257,69.32906619252188,50.18348051059864,0.04644808743169399,0.5491803278688525,0.0,0.0,0.0,4781.09072528224,14431.357224125122,27285.148066221333,44.13770887514479,29.88128453935245,0.01366120218579235,0.5191256830601093,0.0,0.0,0.0,4861.550597210374,8688.764711392898,19651.34454225767,112.14452666019122,89.26019918943436,0.11748633879781421,0.6338797814207651,0.0,0.0,0.0,5720.84002449452,25484.43110836336,41991.21149704648,17.891833498838793,5.486540428696717,0.0,0.3360655737704918,0.0,0.0,0.0,3798.830575894266,1701.9392703218537,8237.914843901362,50.88301794898908,28.519054601554508,0.02459016393442623,0.4453551912568306,0.0,0.0,0.0,4424.8850160396205,8303.45016473334,19134.436732956303,49.28624056187434,8.358187580062847,0.0,0.4426229508196721,0.0,0.0,0.0,3843.9491226158543,2599.0485191390726,11513.512594672124,42.35948961865848,12.696304277658472,0.0273224043715847,0.4180327868852459,0.0,0.0,0.0,3816.0710434797893,3827.894531644264,13185.915274327877
2081,73.80915550497812,55.981483902915166,0.07397260273972603,0.6191780821917808,0.0,0.0,0.0,4804.4237486301345,16072.00413651125,29489.10896518852,12.509863113936987,7.282265596063014,0.0027397260273972603,0.16164383561643836,0.0,0.0,0.0,3857.576965017263,2194.1366817624653,8678.264336772054,46.56387954655342,27.20879203872038,0.030136986301369864,0.4684931506849315,0.0,0.0,0.0,3828.5116919098737,7933.483304087402,18664.086109566044,32.236393952671214,31.822921301161635,0.01643835616438356,0.3726027397260274,0.0,0.0,0.0,4762.313873518624,9161.333993377,18298.023805119465,23.043861576386302,6.070462979487667,0.0,0.35342465753424657,0.0,0.0,0.0,3812.4589831695926,1880.2144329043797,8664.781731589033,67.92260869568497,55.66362060123035,0.09041095890410959,0.4465753424657534,0.0,0.0,0.0,4551.177468576165,15960.467189391207,28337.69598300435,17.548460686972607,12.766142955523286,0.005479452054794521,0.16986301369863013,0.0,0.0,0.0,3835.7083152150717,3760.3978299043783,10967.307287855336,34.450191129063015,22.42682410669595,0.019178082191780823,0.37534246575342467,0.0,0.0,0.0,4154.115735111232,6527.432312202735,15135.541664022741
2082,17.57489169158358,6.159275850967117,0.0027397260273972603,0.27123287671232876,0.0,0.0,0.0,3843.1870278909632,1943.4579538515059,7604.21933286822,97.6167541321753,69.80371988423823,0.10684931506849316,0.5589041095890411,0.0,0.0,0.0,5513.992613719162,19945.653788319432,31548.887579562208,45.07905621051232,20.03803604997807,0.005479452054794521,0.4438356164383562,0.0,0.0,0.0,4300.42199647425,5869.144835724112,12830.178133075888,47.650670558441085,19.504788067186293,0.010958904109589041,0.4246575342465753,0.0,0.0,0.0,3859.3202790372684,5716.754352543013,12609.346360507394,25.19190114296438,5.582262457268492,0.0,0.40273972602739727,0.0,0.0,0.0,3828.519828902197,1779.7591851216434,7382.096025418899,18.860504228142478,5.520191224391779,0.0,0.31232876712328766,0.0,0.0,0.0,3810.150775638908,1712.9351648843783,6796.772267512049,14.224941797827404,5.493035059994517,0.0,0.2602739726027397,0.0,0.0,0.0,3808.084887096715,1678.47274257479,6684.255690071229,32.75944468208493,8.15989726148217,0.0027397260273972603,0.46301369863013697,0.0,0.0,0.0,3945.429409268771,2509.345188359177,8356.904295050137
2083,51.01656228273427,21.439994522605467,0.0273972602739726,0.4931506849315068,0.0,0.0,0.0,4241.387910613702,6301.745856901641,16502.545110178646,97.61192070114245,75.21711570154248,0.1178082191780822,0.6493150684931507,0.0,0.0,0.0,5393.4135141904,21512.912859119726,36730.459922586335,56.12016964985202,34.54544499340257,0.0410958904109589,0.5698630136986301,0.0,0.0,0.0,4945.102285164105,10008.697649545764,21428.736779535633,6.538674557821923,5.485276155898626,0.0,0.06301369863013699,0.0,0.0,0.0,3829.381592384115,1687.2912528679412,8026.873266670955,13.576364869493153,5.508552868227391,0.0,0.273972602739726,0.0,0.0,0.0,3809.0569083791825,1689.4832300931462,7968.9436767997195,29.50232405898629,5.966278306646574,0.0,0.38904109589041097,0.0,0.0,0.0,3826.0295270972683,1924.1247375693154,10669.142619729033,11.71490951971781,7.246017574802734,0.0027397260273972603,0.18082191780821918,0.0,0.0,0.0,2817.1221372071145,2184.359709561917,5291.1762148260295,50.59164917055064,27.767846742788876,0.010958904109589041,0.5835616438356165,0.0,0.0,0.0,4803.457493610681,8091.61513205096,18878.830906957563
2084,89.73985398719402,66.94897612191252,0.08196721311475409,0.6311475409836066,0.0,0.0,0.0,5159.277843605182,19173.573765777885,33597.15852773527,105.90354136362852,85.68456963102467,0.1448087431693989,0.6147540983606558,0.0,0.0,0.0,4932.129870650544,24473.04379030711,40645.96817147545,88.83158371359559,69.0584792350083,0.14207650273224043,0.5573770491803278,0.0,0.0,0.0,4733.747450925955,19770.25881257187,34386.405518209314,23.207194977464482,5.6103437073715865,0.0,0.37158469945355194,0.0,0.0,0.0,3806.585500250821,1736.0513581945315,8270.438459987974,27.992459174838796,5.937671576237704,0.0,0.41530054644808745,0.0,0.0,0.0,3815.5863606644893,1868.7051100866042,8989.15389599675,5.825041742155735,5.478802723778686,0.0,0.07650273224043716,0.0,0.0,0.0,3064.1910381863354,1570.3728226109288,5471.049551512027,58.49857566236605,19.74286909086337,0.01639344262295082,0.5573770491803278,0.0,0.0,0.0,3992.4213489543768,5820.959223000272,15831.431097945364,38.41588068271857,23.95580502672128,0.00819672131147541,0.44808743169398907,0.0,0.0,0.0,4452.208922498362,7012.708863372137,17417.625488678434
2085,33.56606059858086,19.219927974104163,0.005479452054794521,0.5589041095890411,0.0,0.0,0.0,4860.624985533419,5690.203665302747,14968.120562729855,113.37489840595896,90.65754739324912,0.15616438356164383,0.5972602739726027,0.0,0.0,0.0,5445.4232112805375,25896.743833270444,41844.78078675334,55.27377144791505,31.63317464421913,0.0410958904109589,0.4684931506849315,0.0,0.0,0.0,4157.59578092384,9201.361644901386,19642.715678057815,12.650891306816433,5.508552868213696,0.0,0.2547945205479452,0.0,0.0,0.0,2957.9834869252063,1602.036996759449,6056.270398844376,18.555393478783543,5.493035060008211,0.0,0.28493150684931506,0.0,0.0,0.0,3808.206732888224,1721.1722937704042,8368.140635035881,32.82080095192328,5.971407662747943,0.0,0.4,0.0,0.0,0.0,3826.515537853981,1929.36858582684,9581.534075087704,38.204627422495896,17.161253272939696,0.01643835616438356,0.4794520547945205,0.0,0.0,0.0,4405.470074562194,5107.895724582192,14193.594467196443,9.776289733780827,5.477517251789036,0.0,0.20821917808219179,0.0,0.0,0.0,3807.2347114893187,1678.2743054194482,7888.802566634516
2086,111.0237892602356,82.37649245001914,0.11506849315068493,0.6876712328767123,0.0,0.0,0.0,5599.133997028203,23537.983612798627,39424.00063303286,97.86310742648215,81.37019627887956,0.1506849315068493,0.5178082191780822,0.0,0.0,0.0,4739.091848781918,23253.34697323974,39040.99215422988,23.109947009263013,16.496573971027445,0.0,0.3698630136986301,0.0,0.0,0.0,4648.200468427393,4888.763453423283,13845.004417481365,76.74724592764105,36.88432127113955,0.0684931506849315,0.5808219178082191,0.0,0.0,0.0,4460.729021753153,10660.675609446856,22000.491052197,7.952987784704106,5.47363779973424,0.0,0.19452054794520549,0.0,0.0,0.0,2885.091884388485,1689.49193572219,4750.108229387948,24.970546913290388,7.622059965213688,0.0027397260273972603,0.3561643835616438,0.0,0.0,0.0,3829.056441788772,2305.9372678534237,9053.075224604383,6.475735044884935,5.434843279186293,0.0,0.15616438356164383,0.0,0.0,0.0,3804.5616528342516,1691.2949335304056,8282.656555991774,19.74994453768767,5.597780265487667,0.0,0.3917808219178082,0.0,0.0,0.0,3814.6460314139763,1695.5758110205436,7721.349065011503
2087,26.732551239638347,10.99956024867668,0.0,0.4547945205479452,0.0,0.0,0.0,4783.115504677527,3322.4682237654856,10905.89761710165,24.7415391822959,6.953593382854777,0.0,0.4301369863013699,0.0,0.0,0.0,4147.436320290684,2178.043302529314,9383.701362306856,45.088269194600024,13.629027760449326,0.0136986301369863,0.4575342465753425,0.0,0.0,0.0,3948.2909365961723,4065.035731268762,11887.24637329069,109.37212323263006,90.36463662711503,0.12602739726027398,0.5780821917808219,0.0,0.0,0.0,5766.575330156148,25771.33503733211,40765.06998016169,21.358101666663007,5.53182958055616,0.0,0.3315068493150685,0.0,0.0,0.0,3948.4991209435634,1675.7157244147909,6750.990237999993,47.73024671852877,17.057029382706833,0.0027397260273972603,0.5068493150684932,0.0,0.0,0.0,4301.6720733950715,5035.858092753969,13189.286603926306,16.78618292360822,5.454240539460268,0.0,0.2684931506849315,0.0,0.0,0.0,3805.654833611511,1659.5615780605433,6794.540330986019,3.4014251046191792,5.438722731241088,0.0,0.03561643835616438,0.0,0.0,0.0,1869.2749998989018,1566.217892809311,2850.00902830193
2088,91.07615508619945,66.49613747476776,0.1284153005464481,0.5846994535519126,0.0,0.0,0.0,5066.166347133601,19045.485758053834,33426.78904203226,10.449496950177595,5.490409281155731,0.0,0.23224043715846995,0.0,0.0,0.0,3799.3152584327904,1702.0310603147498,8216.199431618847,98.59225305018026,75.51034104559828,0.11475409836065574,0.6366120218579235,0.0,0.0,0.0,5666.179938341515,21595.20491134892,36818.16306009566,33.30680828010383,22.457895288169485,0.00819672131147541,0.3524590163934426,0.0,0.0,0.0,4416.544337911473,6589.016507214756,16854.073519578975,66.41310349635513,23.618112583740434,0.030054644808743168,0.5710382513661202,0.0,0.0,0.0,4704.713867242344,6915.982570072677,17286.897324315294,16.31496534656286,9.771438920128379,0.00546448087431694,0.3114754098360656,0.0,0.0,0.0,4206.712868641527,2963.923513186883,10661.342340868303,17.891563176825134,5.474933871319667,0.0,0.3469945355191257,0.0,0.0,0.0,3824.0190720546493,1634.6805964387954,7097.272927895899,49.59836662310655,10.65388127962569,0.00546448087431694,0.366120218579235,0.0,0.0,0.0,3907.6761727205007,3249.2320378535537,12400.202108576786
2089,46.254340283139754,25.84855287549301,0.019178082191780823,0.5260273972602739,0.0,0.0,0.0,4680.276766339724,7548.73185940768,18156.743447026587,115.80023920141366,75.86666526663564,0.13424657534246576,0.5917808219178082,0.0,0.0,0.0,5363.2000220419095,21696.43253610415,36977.628384560834,23.69555472333701,10.676546158841072,0.0,0.3835616438356164,0.0,0.0,0.0,4408.514445143285,3257.2427859939694,12444.232217337827,48.68242486658361,24.38476518852069,0.019178082191780823,0.44931506849315067,0.0,0.0,0.0,4307.623979402466,7134.691120851513,17606.02906638028,86.72975071194797,64.31966946205192,0.0958904109589041,0.6,0.0,0.0,0.0,5656.803967728752,18430.507721430713,32630.561825126068,25.21922217932601,5.663730950419175,0.0,0.4465753424657534,0.0,0.0,0.0,3819.0201275101417,1828.4762972978056,9897.635001250408,73.34141616319724,30.967459018090285,0.01643835616438356,0.5068493150684932,0.0,0.0,0.0,4127.288350064389,8995.720338876443,20078.09161517098,19.151411642531503,5.6055391695972565,0.0,0.3780821917808219,0.0,0.0,0.0,3815.253887870965,1799.1542080947918,9437.36057769287
2090,41.20728065153424,33.576311021325886,0.043835616438356165,0.4849315068493151,0.0,0.0,0.0,4469.754483809865,9731.999883516464,20196.77905975722,99.28545166702747,82.41414477315074,0.1589041095890411,0.5917808219178082,0.0,0.0,0.0,4709.799453267669,23563.67199127977,39397.628326953985,22.62145429265754,7.414775877542445,0.0,0.4246575342465753,0.0,0.0,0.0,3827.2771845939765,2317.4242095871223,9981.222331547116,111.43585522313144,85.61652441472066,0.14520547945205478,0.5095890410958904,0.0,0.0,0.0,4820.891532643558,24446.840435630154,39805.549212415885,41.31354141728769,30.68348652758888,0.038356164383561646,0.4767123287671233,0.0,0.0,0.0,4724.738351896985,8910.929274638916,18986.58495718274,33.99188178714795,13.486429231980813,0.00821917808219178,0.3780821917808219,0.0,0.0,0.0,3828.2165750638437,4019.4883756583504,12109.148803033966,11.803462865454797,7.68412840157258,0.0,0.24383561643835616,0.0,0.0,0.0,3857.378398506578,2379.8137468062996,9846.717011217528,13.688150191778087,5.516311772336983,0.0,0.3041095890410959,0.0,0.0,0.0,3809.299913688499,1665.6313341043817,7598.085324768491
2091,4.82447102898356,5.4387227312410875,0.0,0.08767123287671233,0.0,0.0,0.0,3165.568340913969,1699.5067429515045,5294.199654153145,53.89364717921646,42.594252846172644,0.024657534246575342,0.4767123287671233,0.0,0.0,0.0,4370.986565118355,12249.30005916603,21307.57578802548,35.89010711121374,17.866180718572597,0.0,0.4547945205479452,0.0,0.0,0.0,3824.814500274254,5254.823105423286,12004.24236283972,98.08204373036175,86.9936470614905,0.18356164383561643,0.5424657534246575,0.0,0.0,0.0,4839.197386764106,24807.923232478348,38011.76389112328,58.71800401175064,39.93706670788479,0.0410958904109589,0.5698630136986301,0.0,0.0,0.0,4724.065270846298,11497.699728451787,20307.87437651782,82.02595336152868,55.910283620145066,0.049315068493150684,0.5780821917808219,0.0,0.0,0.0,4632.87604972657,16015.81569723589,26326.23549224299,27.236744526991764,9.496600660761647,0.0,0.4301369863013699,0.0,0.0,0.0,3828.459580603571,2886.06699103589,8845.884289753414,52.44796536626851,25.28360338900808,0.04657534246575343,0.4849315068493151,0.0,0.0,0.0,3839.6294415660354,7351.234679412604,14782.550410361104
2092,13.759642618543712,5.556179772959023,0.0,0.2185792349726776,0.0,0.0,0.0,2184.629740387961,1655.45871009317,3490.875701502755,21.76288384114208,7.789056269707625,0.00546448087431694,0.3224043715846995,0.0,0.0,0.0,3827.860930372682,2403.94453974754,8203.259458694267,37.03462205984425,13.776442050267747,0.0,0.40710382513661203,0.0,0.0,0.0,4293.257073748367,4097.510930516669,10460.269234649177,56.84509852156828,38.5876121005137,0.07377049180327869,0.4371584699453552,0.0,0.0,0.0,4402.276523571037,11115.49260909754,19790.46417113798,12.827014055237719,5.478802723778685,0.0,0.28415300546448086,0.0,0.0,0.0,3798.4674059852496,1750.476080896721,7334.082964776501,15.197207447341533,8.31197450156283,0.00273224043715847,0.2650273224043716,0.0,0.0,0.0,4816.489383977318,2546.850236909562,8314.048476275682,32.62885303606833,7.737591196483608,0.00273224043715847,0.35792349726775957,0.0,0.0,0.0,3890.699322660664,2389.3873486920775,8188.2990338019035,20.315932710125683,5.486540428696715,0.0,0.3442622950819672,0.0,0.0,0.0,3798.952088683065,1752.6647350871583,7336.994087372129
2093,64.72447019619453,23.176231716172612,0.0136986301369863,0.5589041095890411,0.0,0.0,0.0,4281.880425591507,6791.775986724109,17145.031588466853,105.89473175650402,78.29941445872078,0.1232876712328767,0.5643835616438356,0.0,0.0,0.0,4812.922622086847,22384.758730145226,37894.51368957837,28.995283742558907,16.580288176660314,0.00821917808219178,0.4,0.0,0.0,0.0,4514.2553890112285,4927.150058732323,14669.785129826585,31.977140530608214,15.550071181186365,0.0,0.44931506849315067,0.0,0.0,0.0,4616.122117998352,4635.747276035884,14282.191137291245,26.4840828263726,5.8860597175424605,0.0,0.38082191780821917,0.0,0.0,0.0,3821.4124254863095,1902.226234857534,10646.34276200684,30.67348758591506,16.19032326819457,0.0027397260273972603,0.4,0.0,0.0,0.0,4158.313757326851,4807.003320890403,13852.40815292165,12.787032038810963,6.766480578347926,0.0,0.25205479452054796,0.0,0.0,0.0,4384.306254486573,2131.7985970909567,10015.323106617803,7.359563222441101,5.458119991515061,0.0,0.14520547945205478,0.0,0.0,0.0,3805.897838874525,1654.6562808917772,7644.515154180816
2094,50.744196245076736,31.019510189679274,0.019178082191780823,0.6164383561643836,0.0,0.0,0.0,4876.250706893696,9026.404980358911,20061.651817717804,27.223087241463016,16.0352194517206,0.0027397260273972603,0.4712328767123288,0.0,0.0,0.0,4515.960811711778,4755.8570142405515,13199.522624976187,19.133970088032886,5.512432320282186,0.0,0.3452054794520548,0.0,0.0,0.0,3809.2999137345255,1775.6075810578052,9193.363665396435,66.82306448870963,50.02739895244083,0.08493150684931507,0.473972602739726,0.0,0.0,0.0,4559.894965282462,14390.228748427693,26886.847975848043,6.214564707295889,5.48139670384383,0.0,0.13424657534246576,0.0,0.0,0.0,3212.1242245279423,1595.5733481931497,6213.2203399224745,20.4044455935041,7.440530250172596,0.0027397260273972603,0.2493150684931507,0.0,0.0,0.0,3836.797169506854,2222.787292175065,8538.915098008218,12.003786471915076,5.427084375076703,0.0,0.21095890410958903,0.0,0.0,0.0,3963.6296442312328,1645.3560019424651,7411.477886435618,10.87699977316986,5.5279501285013675,0.0,0.2273972602739726,0.0,0.0,0.0,2805.638864136158,1723.5113186131473,4810.691474242738
2095,39.095232390769894,29.161701621819038,0.019178082191780823,0.5424657534246575,0.0,0.0,0.0,4718.31348975178,8459.734025437554,17734.545783408215,63.19134198555066,45.972475323320666,0.049315068493150684,0.5150684931506849,0.0,0.0,0.0,4510.154954569863,13214.757734355648,24063.603082296137,92.86657081853699,59.592615682005274,0.07397260273972603,0.673972602739726,0.0,0.0,0.0,4761.366109534516,17066.604841482487,29188.20485052962,79.69780877166579,55.874179243457675,0.13424657534246576,0.5150684931506849,0.0,0.0,0.0,4479.0605379137005,16015.511449535645,27788.87744136273,34.49140376998903,6.959587584117811,0.0027397260273972603,0.4328767123287671,0.0,0.0,0.0,3911.7444230528863,2151.0925250002706,8099.525265063296,33.97966327966029,13.421565202473957,0.0,0.4410958904109589,0.0,0.0,0.0,4057.7293554630137,3977.876476620553,10918.926273141093,9.8493461844548,5.485276155898623,0.0,0.1780821917808219,0.0,0.0,0.0,2690.316889666838,1581.3205964884896,4272.134468316708,17.112847101331504,5.461999443569857,0.0,0.29863013698630136,0.0,0.0,0.0,3817.4701431701405,1618.470402630955,6329.020221639723
2096,10.152354163980872,5.463327313942618,0.0,0.19672131147540983,0.0,0.0,0.0,3797.7403817888016,1674.5367704846942,6689.821701928957,8.45234536831696,5.467196166401633,0.0,0.20491803278688525,0.0,0.0,0.0,3797.740381835249,1651.1804035379735,6593.810886484693,42.28168374179777,33.04793296804083,0.030054644808743168,0.5245901639344263,0.0,0.0,0.0,4840.511412185516,9548.56261022596,17701.89309157924,14.30035483214482,6.7033659374398775,0.00273224043715847,0.22950819672131148,0.0,0.0,0.0,3827.8954084521897,2078.500054162021,7383.90841099098,26.768949093120195,8.745162162306015,0.0,0.4371584699453552,0.0,0.0,0.0,3820.5547017164026,2674.3845725180336,8562.970958288242,49.830146413653004,28.820050550472555,0.00819672131147541,0.49453551912568305,0.0,0.0,0.0,4617.690184506011,8352.681832068856,16115.657604789625,30.41407284493714,8.658978983860585,0.00273224043715847,0.4098360655737705,0.0,0.0,0.0,3912.7858912076545,2632.8620760475396,8135.103177056553,10.32013119633607,5.442591968991804,0.0,0.09562841530054644,0.0,0.00546448087431694,0.0,1601.053216060935,1581.061371369671,2678.656434933617
2097,38.05955302249863,5.973033672747948,0.0,0.4410958904109589,0.0,0.0,0.0,3839.450226616721,1942.190220461639,9964.106710573156,31.41179726895069,5.593900813432874,0.0,0.4,0.0,0.0,0.0,3814.160020564936,1811.6178720438313,9137.891769106565,47.037493937084925,24.257530279241056,0.024657534246575342,0.4575342465753425,0.0,0.0,0.0,3924.9504031186375,7115.118355186048,16863.395441423567,72.82964000510964,43.50401124324108,0.0273972602739726,0.40821917808219177,0.0,0.0,0.0,4047.883445806855,12559.095826243847,24108.828131310693,37.46443395866302,12.403355848802745,0.00821917808219178,0.4273972602739726,0.0,0.0,0.0,3922.2987425895926,3762.0971631539687,12407.96583347314,24.3421058395534,9.006785019734199,0.0027397260273972603,0.32602739726027397,0.0,0.0,0.0,3991.393224760551,2801.357634090406,11125.674870779727,37.367240274934225,6.425524692994513,0.0,0.4273972602739726,0.0,0.0,0.0,3827.730564584393,2070.9260960775337,10149.94466544055,53.93461070169038,19.566869954495864,0.00821917808219178,0.4986301369863014,0.0,0.0,0.0,4216.762912395896,5788.014475567403,15093.74482578904
2098,75.90723521328495,46.690761896249214,0.030136986301369864,0.6493150684931507,0.0,0.0,0.0,5313.396116881907,13444.070157644383,26002.529860556187,53.90437188623289,23.846784690575397,0.01643835616438356,0.4383561643835616,0.0,0.0,0.0,4126.432786843288,6982.311111381091,17406.420159202764,85.07970562132881,61.080256597016536,0.08493150684931507,0.5534246575342465,0.0,0.0,0.0,4790.679441163012,17514.221222153425,31416.225937329054,27.763795671337014,17.924968859605524,0.0273972602739726,0.3726027397260274,0.0,0.0,0.0,4134.932599044933,5282.714316524379,14029.837405645765,44.04455264240821,19.951056037597255,0.005479452054794521,0.5698630136986301,0.0,0.0,0.0,5033.883087061909,5880.591071174517,15937.954243717812,60.69044055588771,38.88284422229304,0.03287671232876712,0.38904109589041097,0.0,0.0,0.0,4126.810836302472,11235.555885960008,23060.577344819463,33.76204664590682,19.66777116339457,0.00821917808219178,0.42191780821917807,0.0,0.0,0.0,4212.072270340823,5800.462320391506,15831.375225249882,27.815559368569854,9.373850696931454,0.0027397260273972603,0.3561643835616438,0.0,0.0,0.0,3937.919128258633,2882.9114250205444,11793.758462863296
2099,61.27911090924929,49.50975490674815,0.06575342465753424,0.5506849315068493,0.0,0.0,0.0,4834.823290600271,14241.438490478911,27054.278931893165,62.44496194304119,48.05562289883559,0.0410958904109589,0.5041095890410959,0.0,0.0,0.0,4703.555705312055,13814.01915135808,25650.83705138682,52.874191151093164,39.99670829013137,0.030136986301369864,0.5342465753424658,0.0,0.0,0.0,4835.795311953696,11550.618722061912,23475.22739421095,54.21950280132607,35.786654286556015,0.0547945205479452,0.4547945205479452,0.0,0.0,0.0,4286.950895013703,10321.212851307972,20432.453067087932,56.68027070993413,42.13378278512038,0.052054794520547946,0.5150684931506849,0.0,0.0,0.0,4653.382320127396,12155.102494018915,24279.249498301368,24.74633376537536,14.968271343156228,0.005479452054794521,0.29863013698630136,0.0,0.0,0.0,3839.3813173619233,4404.540037180819,12123.78924069644,43.060770625597286,21.727666666926023,0.019178082191780823,0.473972602739726,0.0,0.0,0.0,3829.9176126693237,6378.571105290708,16513.596374756395,43.15196626304655,31.654834872117657,0.03287671232876712,0.3835616438356164,0.0,0.0,0.0,4313.136578313426,9137.931416756723,18594.259973235086
