Recorder,STANI-L-CON1 [link],STANI-L-RIV1 [link],node/Below Donnells outflow/outflow,node/Donnells PH/flow,node/Donnells PH/water demand,node/Donnells Reservoir/observed storage,node/Donnells Reservoir/storage,node/STANI-N-INS1/flow,node/STANI-N-INS1/requirement,node/STN_1 Headflow/outflow,node/STN_1 Headflow/runoff,node/USGS_11292610/flow,node/USGS_11292610/observed flow
,0,0,0,0,0,0,0,0,0,0,0,0,0
2009-10-01,1.284336,1.284336,1.284336,1.284336,0.428112,66.8422812,65.73192304477318,0.0,0.4,0.01625904477317974,0.01625904477317974,1.284336,0.0
2009-10-02,1.284336,1.284336,1.284336,1.284336,0.428112,66.2502108,64.46383878701837,0.0,0.4,0.016251742245196092,0.016251742245196092,1.284336,0.0
2009-10-03,1.284336,1.284336,1.284336,1.284336,0.428112,65.6581404,63.20360834220918,0.0,0.4,0.02410555519080355,0.02410555519080355,1.284336,0.0
2009-10-04,1.284336,1.284336,1.284336,1.284336,0.428112,65.1030744,61.94407897758401,0.0,0.4,0.024806635374833137,0.024806635374833137,1.284336,0.0
2009-10-05,1.284336,1.284336,1.284336,1.284336,0.428112,64.53567360000001,60.67630168114372,0.0,0.4,0.016558703559708506,0.016558703559708506,1.284336,0.0
2009-10-06,1.284336,1.284336,1.284336,1.284336,0.428112,63.9682728,59.40819418809617,0.0,0.4,0.016228506952448145,0.016228506952448145,1.284336,0.0
2009-10-07,1.284336,1.284336,1.284336,1.284336,0.428112,63.4132068,58.14008129219743,0.0,0.4,0.016223104101260245,0.016223104101260245,1.284336,0.0
2009-10-08,1.284336,1.284336,1.284336,1.284336,0.428112,62.845806,56.8719629970763,0.0,0.4,0.01621770487887234,0.01621770487887234,1.284336,0.0
2009-10-09,1.284336,1.284336,1.284336,1.284336,0.428112,62.2784052,55.60383891358719,0.0,0.4,0.016211916510885306,0.016211916510885306,1.284336,0.0
2009-10-10,1.284336,1.284336,1.284336,1.284336,0.428112,61.7233392,54.33570842664849,0.0,0.4,0.01620551306129965,0.01620551306129965,1.284336,0.0
2009-10-11,1.284336,1.284336,1.284336,1.284336,0.428112,61.1559384,53.0675714358634,0.0,0.4,0.01619900921491422,0.01619900921491422,1.284336,0.0
2009-10-12,1.284336,1.284336,1.284336,1.284336,0.428112,60.5885376,51.89445946785746,0.0,0.4,0.11122403199405817,0.11122403199405817,1.284336,0.0
2009-10-13,1.284336,1.284336,1.284336,1.284336,0.428112,60.366511200000005,52.74853902716341,0.0,0.4,2.1384155593059493,2.1384155593059493,1.284336,0.0
2009-10-14,1.284336,1.284336,1.284336,1.284336,0.428112,61.0695948,54.1983608376789,0.0,0.4,2.7341578105154865,2.7341578105154865,1.284336,0.0
2009-10-15,1.284336,1.284336,1.284336,1.284336,0.428112,60.822898800000004,53.19160164626353,0.0,0.4,0.27757680858462797,0.27757680858462797,1.284336,0.0
2009-10-16,1.284336,1.284336,1.284336,1.284336,0.428112,60.526863600000006,52.31958984859432,0.0,0.4,0.41232420233079375,0.41232420233079375,1.284336,0.0
2009-10-17,1.284336,1.284336,1.284336,1.284336,0.428112,60.1814892,51.51592973160081,0.0,0.4,0.48067588300648595,0.48067588300648595,1.284336,0.0
2009-10-18,1.284336,1.284336,1.284336,1.284336,0.428112,59.823780000000006,50.722929510935415,0.0,0.4,0.4913357793346078,0.4913357793346078,1.284336,0.0
2009-10-19,1.284336,1.284336,1.284336,1.284336,0.428112,59.5277448,49.679345194821735,0.0,0.4,0.2407516838863162,0.2407516838863162,1.284336,0.0
2009-10-20,1.284336,1.284336,1.284336,1.284336,0.428112,59.0713572,48.45912245732452,0.0,0.4,0.06411326250278628,0.06411326250278628,1.284336,0.0
2009-10-21,1.284336,1.284336,1.284336,1.284336,0.428112,58.5039564,47.2194383119381,0.0,0.4,0.04465185461357984,0.04465185461357984,1.284336,0.0
2009-10-22,1.284336,1.284336,1.284336,1.284336,0.428112,57.911885999999996,46.004593894422435,0.0,0.4,0.06949158248433886,0.06949158248433886,1.284336,0.0
2009-10-23,1.284336,1.284336,1.284336,1.284336,0.428112,57.30748079999999,44.785564787264946,0.0,0.4,0.06530689284251256,0.06530689284251256,1.284336,0.0
2009-10-24,1.284336,1.284336,1.284336,1.284336,0.428112,56.703075600000005,43.567117472131756,0.0,0.4,0.06588868486680935,0.06588868486680935,1.284336,0.0
2009-10-25,1.284336,1.284336,1.284336,1.284336,0.428112,56.07400079999999,42.341668585788646,0.0,0.4,0.058887113656892864,0.058887113656892864,1.284336,0.0
2009-10-26,1.284336,1.284336,1.284336,1.284336,0.428112,55.444926,41.11594115223976,0.0,0.4,0.0586085664511168,0.0586085664511168,1.284336,0.0
2009-10-27,1.284336,1.284336,1.284336,1.284336,0.428112,54.828185999999995,39.89518669635654,0.0,0.4,0.06358154411677734,0.06358154411677734,1.284336,0.0
2009-10-28,1.284336,1.284336,1.284336,1.284336,0.428112,54.1621068,38.63536777802962,0.0,0.4,0.02451708167308174,0.02451708167308174,1.284336,0.0
2009-10-29,1.284336,1.284336,1.284336,1.284336,0.428112,53.53303199999999,37.37566762064964,0.0,0.4,0.02463584262001571,0.02463584262001571,1.284336,0.0
2009-10-30,1.284336,1.284336,1.284336,1.284336,0.428112,52.90395720000001,36.11700419362893,0.0,0.4,0.025672572979293432,0.025672572979293432,1.284336,0.0
2009-10-31,1.284336,1.284336,1.284336,1.284336,0.428112,52.2872172,34.88190406874744,0.0,0.4,0.04923587511851164,0.04923587511851164,1.284336,0.0
2009-11-01,1.284336,1.284336,1.284336,1.284336,0.428112,51.63347279999999,33.661582859010444,0.0,0.4,0.06401479026300685,0.06401479026300685,1.284336,0.0
2009-11-02,1.284336,1.284336,1.284336,1.284336,0.428112,51.0167328,32.43052965655189,0.0,0.4,0.05328279754144653,0.05328279754144653,1.284336,0.0
2009-11-03,1.284336,1.284336,1.284336,1.284336,0.428112,50.387658,31.177580839479983,0.0,0.4,0.03138718292809271,0.03138718292809271,1.284336,0.0
2009-11-04,1.284336,1.284336,1.284336,1.284336,0.428112,49.758583200000004,29.91792902212229,0.0,0.4,0.02468418264230743,0.02468418264230743,1.284336,0.0
2009-11-05,1.284336,1.284336,1.284336,1.284336,0.428112,49.1295084,28.658217996659133,0.0,0.4,0.024624974536840056,0.024624974536840056,1.284336,0.0
2009-11-06,1.284336,1.284336,1.284336,1.284336,0.428112,48.5127684,27.398576716040616,0.0,0.4,0.024694719381483824,0.024694719381483824,1.284336,0.0
2009-11-07,1.284336,1.284336,1.284336,1.284336,0.428112,47.8836936,26.13899219581557,0.0,0.4,0.02475147977495669,0.02475147977495669,1.284336,0.0
2009-11-08,1.284336,1.284336,1.284336,1.284336,0.428112,47.254618799999996,24.879283782224405,0.0,0.4,0.024627586408834206,0.024627586408834206,1.284336,0.0
2009-11-09,1.284336,1.284336,1.284336,1.284336,0.428112,46.625544,23.619597790901988,0.0,0.4,0.024650008677583976,0.024650008677583976,1.284336,0.0
2009-11-10,1.284336,1.284336,1.284336,1.284336,0.428112,46.008804,22.359925277547543,0.0,0.4,0.02466348664555379,0.02466348664555379,1.284336,0.0
2009-11-11,1.284336,1.284336,1.284336,1.284336,0.428112,45.392064000000005,21.20032634243293,0.0,0.4,0.12473706488538898,0.12473706488538898,1.284336,0.0
2009-11-12,1.284336,1.284336,1.284336,1.284336,0.428112,44.7999936,20.048230138962314,0.0,0.4,0.13223979652938284,0.13223979652938284,1.284336,0.0
2009-11-13,1.284336,1.284336,1.284336,1.284336,0.428112,44.1832536,18.795671605463934,0.0,0.4,0.03177746650161847,0.03177746650161847,1.284336,0.0
2009-11-14,1.284336,1.284336,1.284336,1.284336,0.428112,43.5788484,17.540616300323144,0.0,0.4,0.029280694859211247,0.029280694859211247,1.284336,0.0
2009-11-15,1.284336,1.284336,1.284336,1.284336,0.428112,42.9744432,16.28279125863816,0.0,0.4,0.026510958315015452,0.026510958315015452,1.284336,0.0
2009-11-16,1.284336,1.284336,1.284336,1.284336,0.428112,42.370038,15.026140318128146,0.0,0.4,0.027685059489985467,0.027685059489985467,1.284336,0.0
2009-11-17,1.284336,1.284336,1.284336,1.284336,0.428112,41.7656328,13.777734356799662,0.0,0.4,0.035930038671516715,0.035930038671516715,1.284336,0.0
2009-11-18,1.284336,1.284336,1.284336,1.284336,0.428112,41.1735624,12.527349565562012,0.0,0.4,0.03395120876234929,0.03395120876234929,1.284336,0.0
2009-11-19,1.284336,1.284336,1.284336,1.284336,0.428112,40.56915720000001,11.272311629499585,0.0,0.4,0.02929806393757233,0.02929806393757233,1.284336,0.0
2009-11-20,1.284336,1.284336,1.284336,1.284336,0.428112,39.9894216,10.077628526485963,0.0,0.4,0.08965289698637752,0.08965289698637752,1.284336,0.0
2009-11-21,1.284336,1.284336,1.284336,1.284336,0.428112,39.4220208,8.853143894553495,0.0,0.4,0.059851368067532947,0.059851368067532947,1.284336,0.0
2009-11-22,1.284336,1.284336,1.284336,1.284336,0.428112,38.8422852,7.5993376912307085,0.0,0.4,0.03052979667721325,0.03052979667721325,1.284336,0.0
2009-11-23,1.284336,1.284336,1.284336,1.284336,0.428112,38.2502148,6.341733959862028,0.0,0.4,0.02673226863131972,0.02673226863131972,1.284336,0.0
2009-11-24,0.1694188434416134,0.1694188434416134,0.1694188434416134,0.1694188434416134,0.428112,37.6581444,6.2,0.0,0.4,0.02768488357958586,0.02768488357958586,0.1694188434416134,0.0
2009-11-25,0.03517864759479983,0.03517864759479983,0.03517864759479983,0.03517864759479983,0.428112,37.090743599999996,6.2,0.0,0.4,0.03517864759479983,0.03517864759479983,0.03517864759479983,0.0
2009-11-26,0.03375654170038534,0.03375654170038534,0.03375654170038534,0.03375654170038534,0.428112,36.511008000000004,6.2,0.0,0.4,0.03375654170038534,0.03375654170038534,0.03375654170038534,0.0
2009-11-27,0.11480899271242787,0.11480899271242787,0.11480899271242787,0.11480899271242787,0.428112,35.9436072,6.2,0.0,0.4,0.11480899271242787,0.11480899271242787,0.11480899271242787,0.0
2009-11-28,0.04614895812702633,0.04614895812702633,0.04614895812702633,0.04614895812702633,0.428112,35.3885412,6.2,0.0,0.4,0.04614895812702633,0.04614895812702633,0.04614895812702633,0.0
2009-11-29,0.026981552589161323,0.026981552589161323,0.026981552589161323,0.026981552589161323,0.428112,34.8211404,6.2,0.0,0.4,0.026981552589161323,0.026981552589161323,0.026981552589161323,0.0
2009-11-30,0.026173826984570627,0.026173826984570627,0.026173826984570627,0.026173826984570627,0.428112,34.2660744,6.2,0.0,0.4,0.026173826984570627,0.026173826984570627,0.026173826984570627,0.0
2009-12-01,0.02877389829394647,0.02877389829394647,0.02877389829394647,0.02877389829394647,0.428112,33.7110084,6.2,0.0,0.4,0.02877389829394647,0.02877389829394647,0.02877389829394647,0.0
2009-12-02,0.027796577438535666,0.027796577438535666,0.027796577438535666,0.027796577438535666,0.428112,33.180611999999996,6.2,0.0,0.4,0.027796577438535666,0.027796577438535666,0.027796577438535666,0.0
2009-12-03,0.02902811681497702,0.02902811681497702,0.02902811681497702,0.02902811681497702,0.428112,32.66255039999999,6.2,0.0,0.4,0.02902811681497702,0.02902811681497702,0.02902811681497702,0.0
2009-12-04,0.0269740620547781,0.0269740620547781,0.0269740620547781,0.0269740620547781,0.428112,32.132154,6.2,0.0,0.4,0.0269740620547781,0.0269740620547781,0.0269740620547781,0.0
2009-12-05,0.02882422698503373,0.02882422698503373,0.02882422698503373,0.02882422698503373,0.428112,31.6017576,6.2,0.0,0.4,0.02882422698503373,0.02882422698503373,0.02882422698503373,0.0
2009-12-06,0.04835708499568013,0.04835708499568013,0.04835708499568013,0.04835708499568013,0.428112,31.083696000000003,6.2,0.0,0.4,0.04835708499568013,0.04835708499568013,0.04835708499568013,0.0
2009-12-07,0.025430622394235408,0.025430622394235408,0.025430622394235408,0.025430622394235408,0.428112,30.602638800000005,6.2,0.0,0.4,0.025430622394235408,0.025430622394235408,0.025430622394235408,0.0
2009-12-08,0.02546655537655491,0.02546655537655491,0.02546655537655491,0.02546655537655491,0.428112,30.0599076,6.2,0.0,0.4,0.02546655537655491,0.02546655537655491,0.02546655537655491,0.0
2009-12-09,0.02550156647087649,0.02550156647087649,0.02550156647087649,0.02550156647087649,0.428112,29.529511199999998,6.2,0.0,0.4,0.02550156647087649,0.02550156647087649,0.02550156647087649,0.0
2009-12-10,0.02553552218920043,0.02553552218920043,0.02553552218920043,0.02553552218920043,0.428112,29.048454,6.2,0.0,0.4,0.02553552218920043,0.02553552218920043,0.02553552218920043,0.0
2009-12-11,0.03146588365111642,0.03146588365111642,0.03146588365111642,0.03146588365111642,0.428112,28.629070799999997,6.2,0.0,0.4,0.03146588365111642,0.03146588365111642,0.03146588365111642,0.0
2009-12-12,0.10489565856503373,0.10489565856503373,0.10489565856503373,0.10489565856503373,0.428112,28.246692,6.2,0.0,0.4,0.10489565856503373,0.10489565856503373,0.10489565856503373,0.0
2009-12-13,0.033233946981555955,0.033233946981555955,0.033233946981555955,0.033233946981555955,0.428112,27.827308799999997,6.2,0.0,0.4,0.033233946981555955,0.033233946981555955,0.033233946981555955,0.0
2009-12-14,0.02570070533763042,0.02570070533763042,0.02570070533763042,0.02570070533763042,0.428112,27.3709212,6.2,0.0,0.4,0.02570070533763042,0.02570070533763042,0.02570070533763042,0.0
2009-12-15,0.025753127759912994,0.025753127759912994,0.025753127759912994,0.025753127759912994,0.428112,26.9021988,6.2,0.0,0.4,0.025753127759912994,0.025753127759912994,0.025753127759912994,0.0
2009-12-16,0.025799845795008342,0.025799845795008342,0.025799845795008342,0.025799845795008342,0.428112,26.421141600000002,6.2,0.0,0.4,0.025799845795008342,0.025799845795008342,0.025799845795008342,0.0
2009-12-17,0.025841957068514016,0.025841957068514016,0.025841957068514016,0.025841957068514016,0.428112,25.9400844,6.2,0.0,0.4,0.025841957068514016,0.025841957068514016,0.025841957068514016,0.0
2009-12-18,0.025880439801227815,0.025880439801227815,0.025880439801227815,0.025880439801227815,0.428112,25.471362,6.2,0.0,0.4,0.025880439801227815,0.025880439801227815,0.025880439801227815,0.0
2009-12-19,0.025915980700348205,0.025915980700348205,0.025915980700348205,0.025915980700348205,0.428112,25.002639600000002,6.2,0.0,0.4,0.025915980700348205,0.025915980700348205,0.025915980700348205,0.0
2009-12-20,0.02599369948737411,0.02599369948737411,0.02599369948737411,0.02599369948737411,0.428112,24.533917199999998,6.2,0.0,0.4,0.02599369948737411,0.02599369948737411,0.02599369948737411,0.0
2009-12-21,0.028330681328539272,0.028330681328539272,0.028330681328539272,0.028330681328539272,0.428112,24.139203600000002,6.2,0.0,0.4,0.028330681328539272,0.028330681328539272,0.028330681328539272,0.0
2009-12-22,0.026009319052139126,0.026009319052139126,0.026009319052139126,0.026009319052139126,0.428112,23.707485600000002,6.2,0.0,0.4,0.026009319052139126,0.026009319052139126,0.026009319052139126,0.0
2009-12-23,0.026037108920876875,0.026037108920876875,0.026037108920876875,0.026037108920876875,0.428112,23.238763199999998,6.2,0.0,0.4,0.026037108920876875,0.026037108920876875,0.026037108920876875,0.0
2009-12-24,0.02606351699441772,0.02606351699441772,0.02606351699441772,0.02606351699441772,0.428112,22.807045199999997,6.2,0.0,0.4,0.02606351699441772,0.02606351699441772,0.02606351699441772,0.0
2009-12-25,0.026088635547961456,0.026088635547961456,0.026088635547961456,0.026088635547961456,0.428112,22.3506576,6.2,0.0,0.4,0.026088635547961456,0.026088635547961456,0.026088635547961456,0.0
2009-12-26,0.026112560139907866,0.026112560139907866,0.026112560139907866,0.026112560139907866,0.428112,21.9066048,6.2,0.0,0.4,0.026112560139907866,0.026112560139907866,0.026112560139907866,0.0
2009-12-27,0.026135380885456746,0.026135380885456746,0.026135380885456746,0.026135380885456746,0.428112,21.4872216,6.2,0.0,0.4,0.026135380885456746,0.026135380885456746,0.026135380885456746,0.0
2009-12-28,0.026157180383007912,0.026157180383007912,0.026157180383007912,0.026157180383007912,0.428112,21.0431688,6.2,0.0,0.4,0.026157180383007912,0.026157180383007912,0.026157180383007912,0.0
2009-12-29,0.02617803189976121,0.02617803189976121,0.02617803189976121,0.02617803189976121,0.428112,20.6114508,6.2,0.0,0.4,0.02617803189976121,0.02617803189976121,0.02617803189976121,0.0
2009-12-30,0.026198000926916477,0.026198000926916477,0.026198000926916477,0.026198000926916477,0.428112,20.2044024,6.2,0.0,0.4,0.026198000926916477,0.026198000926916477,0.026198000926916477,0.0
2009-12-31,0.026217146389273593,0.026217146389273593,0.026217146389273593,0.026217146389273593,0.428112,19.7726844,6.2,0.0,0.4,0.026217146389273593,0.026217146389273593,0.026217146389273593,0.0
2010-01-01,0.026235521941232434,0.026235521941232434,0.026235521941232434,0.026235521941232434,0.428112,19.353301199999997,6.2,0.0,0.4,0.026235521941232434,0.026235521941232434,0.026235521941232434,0.0
2010-01-02,0.026253173547592896,0.026253173547592896,0.026253173547592896,0.026253173547592896,0.428112,18.933918,6.2,0.0,0.4,0.026253173547592896,0.026253173547592896,0.026253173547592896,0.0
2010-01-03,0.026270145531554878,0.026270145531554878,0.026270145531554878,0.026270145531554878,0.428112,18.5022,6.2,0.0,0.4,0.026270145531554878,0.026270145531554878,0.026270145531554878,0.0
2010-01-04,0.02632119186104053,0.02632119186104053,0.02632119186104053,0.02632119186104053,0.428112,18.0951516,6.2,0.0,0.4,0.02632119186104053,0.02632119186104053,0.02632119186104053,0.0
2010-01-05,0.026490356235061602,0.026490356235061602,0.026490356235061602,0.026490356235061602,0.428112,17.6757684,6.2,0.0,0.4,0.026490356235061602,0.026490356235061602,0.026490356235061602,0.0
2010-01-06,0.02631735449144913,0.02631735449144913,0.02631735449144913,0.02631735449144913,0.428112,17.268720000000002,6.2,0.0,0.4,0.02631735449144913,0.02631735449144913,0.02631735449144913,0.0
2010-01-07,0.026331969742616385,0.026331969742616385,0.026331969742616385,0.026331969742616385,0.428112,16.886341199999997,6.2,0.0,0.4,0.026331969742616385,0.026331969742616385,0.026331969742616385,0.0
2010-01-08,0.0263460725553848,0.0263460725553848,0.0263460725553848,0.0263460725553848,0.428112,16.528632,6.2,0.0,0.4,0.0263460725553848,0.0263460725553848,0.0263460725553848,0.0
2010-01-09,0.03326935871267664,0.03326935871267664,0.03326935871267664,0.03326935871267664,0.428112,16.1955924,6.2,0.0,0.4,0.03326935871267664,0.03326935871267664,0.03326935871267664,0.0
2010-01-10,0.03547712900853123,0.03547712900853123,0.03547712900853123,0.03547712900853123,0.428112,15.911892000000002,6.2,0.0,0.4,0.03547712900853123,0.03547712900853123,0.03547712900853123,0.0
2010-01-11,0.045215901546716376,0.045215901546716376,0.045215901546716376,0.045215901546716376,0.428112,15.603522,6.2,0.0,0.4,0.045215901546716376,0.045215901546716376,0.045215901546716376,0.0
2010-01-12,0.167300449977247,0.167300449977247,0.167300449977247,0.167300449977247,0.428112,15.3321564,6.2,0.0,0.4,0.167300449977247,0.167300449977247,0.167300449977247,0.0
2010-01-13,0.04110332497352855,0.04110332497352855,0.04110332497352855,0.04110332497352855,0.428112,15.184138800000001,6.2,0.0,0.4,0.04110332497352855,0.04110332497352855,0.04110332497352855,0.0
2010-01-14,0.026572070417278562,0.026572070417278562,0.026572070417278562,0.026572070417278562,0.428112,14.912773199999998,6.2,0.0,0.4,0.026572070417278562,0.026572070417278562,0.026572070417278562,0.0
2010-01-15,0.026621044788368856,0.026621044788368856,0.026621044788368856,0.026621044788368856,0.428112,14.6290728,6.2,0.0,0.4,0.026621044788368856,0.026621044788368856,0.026621044788368856,0.0
2010-01-16,0.027040327053029663,0.027040327053029663,0.027040327053029663,0.027040327053029663,0.428112,14.333037599999999,6.2,0.0,0.4,0.027040327053029663,0.027040327053029663,0.027040327053029663,0.0
2010-01-17,0.044334520115090675,0.044334520115090675,0.044334520115090675,0.044334520115090675,0.428112,14.0493372,6.2,0.0,0.4,0.044334520115090675,0.044334520115090675,0.044334520115090675,0.0
2010-01-18,0.044978462424048245,0.044978462424048245,0.044978462424048245,0.044978462424048245,0.428112,13.814976000000001,6.2,0.0,0.4,0.044978462424048245,0.044978462424048245,0.044978462424048245,0.0
2010-01-19,0.027233432866997108,0.027233432866997108,0.027233432866997108,0.027233432866997108,0.428112,13.531275599999999,6.2,0.0,0.4,0.027233432866997108,0.027233432866997108,0.027233432866997108,0.0
2010-01-20,0.02678750916239598,0.02678750916239598,0.02678750916239598,0.02678750916239598,0.428112,13.272244800000001,6.2,0.0,0.4,0.02678750916239598,0.02678750916239598,0.02678750916239598,0.0
2010-01-21,0.026815585360733085,0.026815585360733085,0.026815585360733085,0.026815585360733085,0.428112,12.963874800000001,6.2,0.0,0.4,0.026815585360733085,0.026815585360733085,0.026815585360733085,0.0
2010-01-22,0.026839552720679404,0.026839552720679404,0.026839552720679404,0.026839552720679404,0.428112,12.704844,6.2,0.0,0.4,0.026839552720679404,0.026839552720679404,0.026839552720679404,0.0
2010-01-23,0.026860666547832104,0.026860666547832104,0.026860666547832104,0.026860666547832104,0.428112,12.396474000000001,6.2,0.0,0.4,0.026860666547832104,0.026860666547832104,0.026860666547832104,0.0
2010-01-24,0.02687967281978953,0.02687967281978953,0.02687967281978953,0.02687967281978953,0.428112,12.09303792,6.2,0.0,0.4,0.02687967281978953,0.02687967281978953,0.02687967281978953,0.0
2010-01-25,0.026897040774950625,0.026897040774950625,0.026897040774950625,0.026897040774950625,0.428112,11.81180448,6.2,0.0,0.4,0.026897040774950625,0.026897040774950625,0.026897040774950625,0.0
2010-01-26,0.02691308326771469,0.02691308326771469,0.02691308326771469,0.02691308326771469,0.428112,11.54043888,6.2,0.0,0.4,0.02691308326771469,0.02691308326771469,0.02691308326771469,0.0
2010-01-27,0.026928019581281236,0.026928019581281236,0.026928019581281236,0.026928019581281236,0.428112,11.26413936,6.2,0.0,0.4,0.026928019581281236,0.026928019581281236,0.026928019581281236,0.0
2010-01-28,0.026942011542849895,0.026942011542849895,0.026942011542849895,0.026942011542849895,0.428112,10.98167244,6.2,0.0,0.4,0.026942011542849895,0.026942011542849895,0.026942011542849895,0.0
2010-01-29,0.026955181667620388,0.026955181667620388,0.026955181667620388,0.026955181667620388,0.428112,10.7066064,6.2,0.0,0.4,0.026955181667620388,0.026955181667620388,0.026955181667620388,0.0
2010-01-30,0.02696762629159252,0.02696762629159252,0.02696762629159252,0.02696762629159252,0.428112,10.42783992,6.2,0.0,0.4,0.02696762629159252,0.02696762629159252,0.02696762629159252,0.0
2010-01-31,0.026979422051566098,0.026979422051566098,0.026979422051566098,0.026979422051566098,0.428112,10.14043908,6.2,0.0,0.4,0.026979422051566098,0.026979422051566098,0.026979422051566098,0.0
2010-02-01,0.026990630637140984,0.026990630637140984,0.026990630637140984,0.026990630637140984,0.428112,9.85303824,6.2,0.0,0.4,0.026990630637140984,0.026990630637140984,0.026990630637140984,0.0
2010-02-02,0.027001305184317075,0.027001305184317075,0.027001305184317075,0.027001305184317075,0.428112,9.57920568,6.2,0.0,0.4,0.027001305184317075,0.027001305184317075,0.027001305184317075,0.0
2010-02-03,0.02701148897949426,0.02701148897949426,0.02701148897949426,0.02701148897949426,0.428112,9.30784008,6.2,0.0,0.4,0.02701148897949426,0.02701148897949426,0.02701148897949426,0.0
2010-02-04,0.027021219347472467,0.027021219347472467,0.027021219347472467,0.027021219347472467,0.428112,9.03647448,6.2,0.0,0.4,0.027021219347472467,0.027021219347472467,0.027021219347472467,0.0
2010-02-05,0.02703052886105161,0.02703052886105161,0.02703052886105161,0.02703052886105161,0.428112,8.80581372,6.2,0.0,0.4,0.02703052886105161,0.02703052886105161,0.02703052886105161,0.0
2010-02-06,0.02703944551383164,0.02703944551383164,0.02703944551383164,0.02703944551383164,0.428112,8.5911882,6.2,0.0,0.4,0.02703944551383164,0.02703944551383164,0.02703944551383164,0.0
2010-02-07,0.02704799410261249,0.02704799410261249,0.02704799410261249,0.02704799410261249,0.428112,8.35312656,6.2,0.0,0.4,0.02704799410261249,0.02704799410261249,0.02704799410261249,0.0
2010-02-08,0.027056196745794122,0.027056196745794122,0.027056196745794122,0.027056196745794122,0.428112,8.08422792,6.2,0.0,0.4,0.027056196745794122,0.027056196745794122,0.027056196745794122,0.0
2010-02-09,0.027064073056176474,0.027064073056176474,0.027064073056176474,0.027064073056176474,0.428112,7.82889756,6.2,0.0,0.4,0.027064073056176474,0.027064073056176474,0.027064073056176474,0.0
2010-02-10,0.027071640227359525,0.027071640227359525,0.027071640227359525,0.027071640227359525,0.428112,7.71171696,6.2,0.0,0.4,0.027071640227359525,0.027071640227359525,0.027071640227359525,0.0
2010-02-11,0.02707891502094323,0.02707891502094323,0.02707891502094323,0.02707891502094323,0.428112,7.76228964,6.2,0.0,0.4,0.02707891502094323,0.02707891502094323,0.02707891502094323,0.0
2010-02-12,0.02708591100172756,0.02708591100172756,0.02708591100172756,0.02708591100172756,0.428112,7.82889756,6.2,0.0,0.4,0.02708591100172756,0.02708591100172756,0.02708591100172756,0.0
2010-02-13,0.02709264199371248,0.02709264199371248,0.02709264199371248,0.02709264199371248,0.428112,7.90537332,6.2,0.0,0.4,0.02709264199371248,0.02709264199371248,0.02709264199371248,0.0
2010-02-14,0.02709912009289797,0.02709912009289797,0.02709912009289797,0.02709912009289797,0.428112,7.98554952,6.2,0.0,0.4,0.02709912009289797,0.02709912009289797,0.02709912009289797,0.0
2010-02-15,0.03648242255507938,0.03648242255507938,0.03648242255507938,0.03648242255507938,0.428112,8.08792836,6.2,0.0,0.4,0.03648242255507938,0.03648242255507938,0.03648242255507938,0.0
2010-02-16,0.06360538351832394,0.06360538351832394,0.06360538351832394,0.06360538351832394,0.428112,8.23471248,6.2,0.0,0.4,0.06360538351832394,0.06360538351832394,0.06360538351832394,0.0
2010-02-17,0.09241326846179429,0.09241326846179429,0.09241326846179429,0.09241326846179429,0.428112,8.41110012,6.2,0.0,0.4,0.09241326846179429,0.09241326846179429,0.09241326846179429,0.0
2010-02-18,0.11909292605963183,0.11909292605963183,0.11909292605963183,0.11909292605963183,0.428112,8.62079172,6.2,0.0,0.4,0.11909292605963183,0.11909292605963183,0.11909292605963183,0.0
2010-02-19,0.08468256532071104,0.08468256532071104,0.08468256532071104,0.08468256532071104,0.428112,8.82431592,6.2,0.0,0.4,0.08468256532071104,0.08468256532071104,0.08468256532071104,0.0
2010-02-20,0.055280460144971774,0.055280460144971774,0.055280460144971774,0.055280460144971774,0.428112,9.02413968,6.2,0.0,0.4,0.055280460144971774,0.055280460144971774,0.055280460144971774,0.0
2010-02-21,0.027419528271380254,0.027419528271380254,0.027419528271380254,0.027419528271380254,0.428112,9.19312644,6.2,0.0,0.4,0.027419528271380254,0.027419528271380254,0.027419528271380254,0.0
2010-02-22,0.02747333957365972,0.02747333957365972,0.02747333957365972,0.02747333957365972,0.428112,9.32264184,6.2,0.0,0.4,0.02747333957365972,0.02747333957365972,0.02747333957365972,0.0
2010-02-23,0.043930025210396746,0.043930025210396746,0.043930025210396746,0.043930025210396746,0.428112,9.45709116,6.2,0.0,0.4,0.043930025210396746,0.043930025210396746,0.043930025210396746,0.0
2010-02-24,0.029177447982642515,0.029177447982642515,0.029177447982642515,0.029177447982642515,0.428112,9.65938188,6.2,0.0,0.4,0.029177447982642515,0.029177447982642515,0.029177447982642515,0.0
2010-02-25,0.0275778576534256,0.0275778576534256,0.0275778576534256,0.0275778576534256,0.428112,9.81603384,6.2,0.0,0.4,0.0275778576534256,0.0275778576534256,0.0275778576534256,0.0
2010-02-26,0.15009643302698403,0.15009643302698403,0.15009643302698403,0.15009643302698403,0.428112,10.022025,6.2,0.0,0.4,0.15009643302698403,0.15009643302698403,0.15009643302698403,0.0
2010-02-27,0.09371037783488874,0.09371037783488874,0.09371037783488874,0.09371037783488874,0.428112,10.2255492,6.2,0.0,0.4,0.09371037783488874,0.09371037783488874,0.09371037783488874,0.0
2010-02-28,0.027771314856192254,0.027771314856192254,0.027771314856192254,0.027771314856192254,0.428112,10.39083552,6.2,0.0,0.4,0.027771314856192254,0.027771314856192254,0.027771314856192254,0.0
2010-03-01,0.028162551421715885,0.028162551421715885,0.028162551421715885,0.028162551421715885,0.428112,10.54255356,6.2,0.0,0.4,0.028162551421715885,0.028162551421715885,0.028162551421715885,0.0
2010-03-02,0.08212386846564253,0.08212386846564253,0.08212386846564253,0.08212386846564253,0.428112,10.72880904,6.2,0.0,0.4,0.08212386846564253,0.08212386846564253,0.08212386846564253,0.0
2010-03-03,0.03653261870856693,0.03653261870856693,0.03653261870856693,0.03653261870856693,0.428112,10.91999844,6.2,0.0,0.4,0.03653261870856693,0.03653261870856693,0.03653261870856693,0.0
2010-03-04,0.028013945927648762,0.028013945927648762,0.028013945927648762,0.028013945927648762,0.428112,11.05568124,6.2,0.0,0.4,0.028013945927648762,0.028013945927648762,0.028013945927648762,0.0
2010-03-05,0.02806045487474458,0.02806045487474458,0.02806045487474458,0.02806045487474458,0.428112,11.16546096,6.2,0.0,0.4,0.02806045487474458,0.02806045487474458,0.02806045487474458,0.0
2010-03-06,0.02809759426026139,0.02809759426026139,0.02809759426026139,0.02809759426026139,0.428112,11.286342,6.2,0.0,0.4,0.02809759426026139,0.02809759426026139,0.02809759426026139,0.0
2010-03-07,0.02812830781859259,0.02812830781859259,0.02812830781859259,0.02812830781859259,0.428112,11.39488824,6.2,0.0,0.4,0.02812830781859259,0.02812830781859259,0.02812830781859259,0.0
2010-03-08,0.02876270482837154,0.02876270482837154,0.02876270482837154,0.02876270482837154,0.428112,11.53180452,6.2,0.0,0.4,0.02876270482837154,0.02876270482837154,0.02876270482837154,0.0
2010-03-09,0.02817721445208304,0.02817721445208304,0.02817721445208304,0.02817721445208304,0.428112,11.63418336,6.2,0.0,0.4,0.02817721445208304,0.02817721445208304,0.02817721445208304,0.0
2010-03-10,0.028197357488837917,0.028197357488837917,0.028197357488837917,0.028197357488837917,0.428112,11.75136396,6.2,0.0,0.4,0.028197357488837917,0.028197357488837917,0.028197357488837917,0.0
2010-03-11,0.02821538415759754,0.02821538415759754,0.02821538415759754,0.02821538415759754,0.428112,11.84387496,6.2,0.0,0.4,0.02821538415759754,0.02821538415759754,0.02821538415759754,0.0
2010-03-12,0.048705163378900435,0.048705163378900435,0.048705163378900435,0.048705163378900435,0.428112,12.03383088,6.2,0.0,0.4,0.048705163378900435,0.048705163378900435,0.048705163378900435,0.0
2010-03-13,0.032708821433932236,0.032708821433932236,0.032708821433932236,0.032708821433932236,0.428112,12.17814804,6.2,0.0,0.4,0.032708821433932236,0.032708821433932236,0.032708821433932236,0.0
2010-03-14,0.02826595528708426,0.02826595528708426,0.02826595528708426,0.02826595528708426,0.428112,12.29286168,6.2,0.0,0.4,0.02826595528708426,0.02826595528708426,0.02826595528708426,0.0
2010-03-15,0.03999867237760297,0.03999867237760297,0.03999867237760297,0.03999867237760297,0.428112,12.458148,6.2,0.0,0.4,0.03999867237760297,0.03999867237760297,0.03999867237760297,0.0
2010-03-16,0.09783038912805994,0.09783038912805994,0.09783038912805994,0.09783038912805994,0.428112,12.704844,6.2,0.0,0.4,0.09783038912805994,0.09783038912805994,0.09783038912805994,0.0
2010-03-17,0.21902857957337596,0.21902857957337596,0.21902857957337596,0.21902857957337596,0.428112,13.037883599999999,6.2,0.0,0.4,0.21902857957337596,0.21902857957337596,0.21902857957337596,0.0
2010-03-18,0.27587321624284394,0.27587321624284394,0.27587321624284394,0.27587321624284394,0.428112,13.4942712,6.2,0.0,0.4,0.27587321624284394,0.27587321624284394,0.27587321624284394,0.0
2010-03-19,0.2062556411315874,0.2062556411315874,0.2062556411315874,0.2062556411315874,0.428112,14.0246676,6.2,0.0,0.4,0.2062556411315874,0.2062556411315874,0.2062556411315874,0.0
2010-03-20,0.45825903905349974,0.45825903905349974,0.45825903905349974,0.45825903905349974,0.428112,14.6414076,6.2,0.0,0.4,0.45825903905349974,0.45825903905349974,0.45825903905349974,0.0
2010-03-21,0.622267419214121,0.622267419214121,0.622267419214121,0.622267419214121,0.428112,15.233478,6.2,0.0,0.4,0.622267419214121,0.622267419214121,0.622267419214121,0.0
2010-03-22,0.6219995904467209,0.6219995904467209,0.6219995904467209,0.6219995904467209,0.428112,15.7762092,6.2,0.0,0.4,0.6219995904467209,0.6219995904467209,0.6219995904467209,0.0
2010-03-23,0.7284626378018437,0.7284626378018437,0.7284626378018437,0.7284626378018437,0.428112,16.4176188,6.2,0.0,0.4,0.7284626378018437,0.7284626378018437,0.7284626378018437,0.0
2010-03-24,0.2731349681785777,0.2731349681785777,0.2731349681785777,0.2731349681785777,0.428112,17.1330372,6.2,0.0,0.4,0.2731349681785777,0.2731349681785777,0.2731349681785777,0.0
2010-03-25,0.25290851542068493,0.25290851542068493,0.25290851542068493,0.25290851542068493,0.428112,17.8607904,6.2,0.0,0.4,0.25290851542068493,0.25290851542068493,0.25290851542068493,0.0
2010-03-26,0.16000605352958644,0.16000605352958644,0.16000605352958644,0.16000605352958644,0.428112,18.4158564,6.2,0.0,0.4,0.16000605352958644,0.16000605352958644,0.16000605352958644,0.0
2010-03-27,0.19973376375739635,0.19973376375739635,0.19973376375739635,0.19973376375739635,0.428112,18.9585876,6.2,0.0,0.4,0.19973376375739635,0.19973376375739635,0.19973376375739635,0.0
2010-03-28,0.4287555294811875,0.4287555294811875,0.4287555294811875,0.4287555294811875,0.428112,19.6616712,6.2,0.0,0.4,0.4287555294811875,0.4287555294811875,0.4287555294811875,0.0
2010-03-29,0.5296501579335836,0.5296501579335836,0.5296501579335836,0.5296501579335836,0.428112,20.5004376,6.2,0.0,0.4,0.5296501579335836,0.5296501579335836,0.5296501579335836,0.0
2010-03-30,0.7884256346691265,0.7884256346691265,0.7884256346691265,0.7884256346691265,0.428112,21.561230399999996,6.2,0.0,0.4,0.7884256346691265,0.7884256346691265,0.7884256346691265,0.0
2010-03-31,0.23021644452751516,0.23021644452751516,0.23021644452751516,0.23021644452751516,0.428112,22.3013184,6.2,0.0,0.4,0.23021644452751516,0.23021644452751516,0.23021644452751516,0.0
2010-04-01,0.23666402135787262,0.23666402135787262,0.23666402135787262,0.23666402135787262,0.428112,22.8440496,6.2,0.0,0.4,0.23666402135787262,0.23666402135787262,0.23666402135787262,0.0
2010-04-02,0.2288744995161211,0.2288744995161211,0.2288744995161211,0.2288744995161211,0.428112,23.3497764,6.2,0.0,0.4,0.2288744995161211,0.2288744995161211,0.2288744995161211,0.0
2010-04-03,0.21676176697365362,0.21676176697365362,0.21676176697365362,0.21676176697365362,0.428112,23.793829199999998,6.2,0.0,0.4,0.21676176697365362,0.21676176697365362,0.21676176697365362,0.0
2010-04-04,0.20799697403008677,0.20799697403008677,0.20799697403008677,0.20799697403008677,0.428112,24.1885428,6.2,0.0,0.4,0.20799697403008677,0.20799697403008677,0.20799697403008677,0.0
2010-04-05,0.19195910789961163,0.19195910789961163,0.19195910789961163,0.19195910789961163,0.428112,24.5832564,6.2,0.0,0.4,0.19195910789961163,0.19195910789961163,0.19195910789961163,0.0
2010-04-06,0.18084728859650206,0.18084728859650206,0.18084728859650206,0.18084728859650206,0.428112,24.916296,6.2,0.0,0.4,0.18084728859650206,0.18084728859650206,0.18084728859650206,0.0
2010-04-07,0.17077117797267258,0.17077117797267258,0.17077117797267258,0.17077117797267258,0.428112,25.3233444,6.2,0.0,0.4,0.17077117797267258,0.17077117797267258,0.17077117797267258,0.0
2010-04-08,0.17199329931713497,0.17199329931713497,0.17199329931713497,0.17199329931713497,0.428112,25.989423600000002,6.2,0.0,0.4,0.17199329931713497,0.17199329931713497,0.17199329931713497,0.0
2010-04-09,0.3134463622450801,0.3134463622450801,0.3134463622450801,0.3134463622450801,0.428112,26.803520399999996,6.2,0.0,0.4,0.3134463622450801,0.3134463622450801,0.3134463622450801,0.0
2010-04-10,0.4187108296636877,0.4187108296636877,0.4187108296636877,0.4187108296636877,0.428112,27.6669564,6.2,0.0,0.4,0.4187108296636877,0.4187108296636877,0.4187108296636877,0.0
2010-04-11,0.4375873530998043,0.4375873530998043,0.4375873530998043,0.4375873530998043,0.428112,28.4440488,6.2,0.0,0.4,0.4375873530998043,0.4375873530998043,0.4375873530998043,0.0
2010-04-12,0.21491903814578137,0.21491903814578137,0.21491903814578137,0.21491903814578137,0.428112,29.1224628,6.2,0.0,0.4,0.21491903814578137,0.21491903814578137,0.21491903814578137,0.0
2010-04-13,0.22446943846678843,0.22446943846678843,0.22446943846678843,0.22446943846678843,0.428112,29.6898636,6.2,0.0,0.4,0.22446943846678843,0.22446943846678843,0.22446943846678843,0.0
2010-04-14,0.2222126912942436,0.2222126912942436,0.2222126912942436,0.2222126912942436,0.428112,30.306603600000003,6.2,0.0,0.4,0.2222126912942436,0.2222126912942436,0.2222126912942436,0.0
2010-04-15,0.24207178032495918,0.24207178032495918,0.24207178032495918,0.24207178032495918,0.428112,30.9480132,6.2,0.0,0.4,0.24207178032495918,0.24207178032495918,0.24207178032495918,0.0
2010-04-16,0.4899148611809907,0.4899148611809907,0.4899148611809907,0.4899148611809907,0.428112,31.774444800000005,6.2,0.0,0.4,0.4899148611809907,0.4899148611809907,0.4899148611809907,0.0
2010-04-17,0.7630690378939253,0.7630690378939253,0.7630690378939253,0.7630690378939253,0.428112,32.8352376,6.2,0.0,0.4,0.7630690378939253,0.7630690378939253,0.7630690378939253,0.0
2010-04-18,1.1779857301933119,1.1779857301933119,1.1779857301933119,1.1779857301933119,0.428112,34.179730799999994,6.2,0.0,0.4,1.1779857301933119,1.1779857301933119,1.1779857301933119,0.0
2010-04-19,1.1638853392168969,1.1638853392168969,1.1638853392168969,1.1638853392168969,0.428112,35.832594,6.2,0.0,0.4,1.1638853392168969,1.1638853392168969,1.1638853392168969,0.0
2010-04-20,1.2843360000000001,1.2843360000000001,1.2843360000000001,1.2843360000000001,0.428112,37.9048404,6.634350064054144,0.0,0.4,1.7186860640541435,1.7186860640541435,1.2843360000000001,0.0
2010-04-21,0.9285178516960078,0.9285178516960078,0.9285178516960078,0.9285178516960078,0.428112,39.335677200000006,6.2,0.0,0.4,0.49416778764186414,0.49416778764186414,0.9285178516960078,0.0
2010-04-22,0.5085394042016718,0.5085394042016718,0.5085394042016718,0.5085394042016718,0.428112,40.458144,6.2,0.0,0.4,0.5085394042016718,0.5085394042016718,0.5085394042016718,0.0
2010-04-23,0.5055630315171388,0.5055630315171388,0.5055630315171388,0.5055630315171388,0.428112,41.531271600000004,6.2,0.0,0.4,0.5055630315171388,0.5055630315171388,0.5055630315171388,0.0
2010-04-24,0.6973493313819374,0.6973493313819374,0.6973493313819374,0.6973493313819374,0.428112,42.9744432,6.2,0.0,0.4,0.6973493313819374,0.6973493313819374,0.6973493313819374,0.0
2010-04-25,1.2843360000000001,1.2843360000000001,1.2843360000000001,1.2843360000000001,0.428112,44.911006799999996,6.238309380333274,0.0,0.4,1.3226453803332743,1.3226453803332743,1.2843360000000001,0.0
2010-04-26,1.2843360000000001,1.2843360000000001,1.2843360000000001,1.2843360000000001,0.428112,47.2299492,6.984423802281064,0.0,0.4,2.0304504219477906,2.0304504219477906,1.2843360000000001,0.0
2010-04-27,1.2843360000000001,1.2843360000000001,1.2843360000000001,1.2843360000000001,0.428112,50.128627200000004,8.263905072986113,0.0,0.4,2.5638172707050493,2.5638172707050493,1.2843360000000001,0.0
2010-04-28,1.2843360000000001,1.2843360000000001,1.2843360000000001,1.2843360000000001,0.428112,52.435234799999996,7.861152464611366,0.0,0.4,0.8815833916252532,0.8815833916252532,1.2843360000000001,0.0
2010-04-29,1.2843360000000001,1.2843360000000001,1.2843360000000001,1.2843360000000001,0.428112,53.9894196,7.387817143965924,0.0,0.4,0.8110006793545583,0.8110006793545583,1.2843360000000001,0.0
2010-04-30,1.2843360000000001,1.2843360000000001,1.2843360000000001,1.2843360000000001,0.428112,55.185895200000004,6.910378934001672,0.0,0.4,0.8068977900357489,0.8068977900357489,1.2843360000000001,0.0
2010-05-01,1.2843360000000001,1.2843360000000001,1.2843360000000001,1.2843360000000001,0.428112,56.185014,6.43899891179345,0.0,0.4,0.8129559777917786,0.8129559777917786,1.2843360000000001,0.0
2010-05-02,1.2843360000000001,1.2843360000000001,1.2843360000000001,1.2843360000000001,0.428112,57.085454399999996,6.237352725400225,0.0,0.4,1.0826898136067746,1.0826898136067746,1.2843360000000001,0.0
2010-05-03,1.2843360000000001,1.2843360000000001,1.2843360000000001,1.2843360000000001,0.428112,58.935674399999996,6.58933563232687,0.0,0.4,1.6363189069266455,1.6363189069266455,1.2843360000000001,0.0
2010-05-04,1.2843360000000001,1.2843360000000001,1.2843360000000001,1.2843360000000001,0.428112,61.797348,7.614813699440886,0.0,0.4,2.3098140671140164,2.3098140671140164,1.2843360000000001,0.0
2010-05-05,1.2843360000000001,1.2843360000000001,1.2843360000000001,1.2843360000000001,0.428112,64.99206120000001,8.717652995821613,0.0,0.4,2.387175296380727,2.387175296380727,1.2843360000000001,0.0
2010-05-06,1.2843360000000001,1.2843360000000001,1.2843360000000001,1.2843360000000001,0.428112,66.484572,9.326725474172378,0.0,0.4,1.893408478350765,1.893408478350765,1.2843360000000001,0.0
2010-05-07,1.2843360000000001,1.2843360000000001,1.2843360000000001,1.2843360000000001,0.428112,68.00175240000002,10.098679925086287,0.0,0.4,2.0562904509139095,2.0562904509139095,1.2843360000000001,0.0
2010-05-08,1.2843359999999997,1.2843359999999997,1.2843359999999997,1.2843359999999997,0.428112,69.8026332,10.910285492455378,0.0,0.4,2.0959415673690907,2.0959415673690907,1.2843359999999997,0.0
2010-05-09,1.2843359999999997,1.2843359999999997,1.2843359999999997,1.2843359999999997,0.428112,71.0731176,11.386139120064554,0.0,0.4,1.760189627609175,1.760189627609175,1.2843359999999997,0.0
2010-05-10,1.2843359999999997,1.2843359999999997,1.2843359999999997,1.2843359999999997,0.428112,71.18413079999999,11.67675543093666,0.0,0.4,1.5749523108721066,1.5749523108721066,1.2843359999999997,0.0
2010-05-11,1.2843359999999997,1.2843359999999997,1.2843359999999997,1.2843359999999997,0.428112,71.0361132,11.889804867582518,0.0,0.4,1.4973854366458568,1.4973854366458568,1.2843359999999997,0.0
2010-05-12,1.2843359999999997,1.2843359999999997,1.2843359999999997,1.2843359999999997,0.428112,70.9497696,12.069980213678011,0.0,0.4,1.4645113460954944,1.4645113460954944,1.2843359999999997,0.0
2010-05-13,1.2843359999999997,1.2843359999999997,1.2843359999999997,1.2843359999999997,0.428112,71.110122,12.304726646371266,0.0,0.4,1.5190824326932553,1.5190824326932553,1.2843359999999997,0.0
2010-05-14,1.2843359999999997,1.2843359999999997,1.2843359999999997,1.2843359999999997,0.428112,71.3814876,12.760391930793663,0.0,0.4,1.740001284422397,1.740001284422397,1.2843359999999997,0.0
2010-05-15,1.2843359999999997,1.2843359999999997,1.2843359999999997,1.2843359999999997,0.428112,71.85021,13.760629448428219,0.0,0.4,2.284573517634555,2.284573517634555,1.2843359999999997,0.0
2010-05-16,1.2843360000000006,1.2843360000000006,1.2843360000000006,1.2843360000000006,0.428112,72.28192800000001,15.608227767044685,0.0,0.4,3.1319343186164668,3.1319343186164668,1.2843360000000006,0.0
2010-05-17,1.2843360000000006,1.2843360000000006,1.2843360000000006,1.2843360000000006,0.428112,72.2572584,18.5175451410109,0.0,0.4,4.1936533739662165,4.1936533739662165,1.2843360000000006,0.0
2010-05-18,1.2843360000000006,1.2843360000000006,1.2843360000000006,1.2843360000000006,0.428112,71.99822759999999,19.91253101177722,0.0,0.4,2.679321870766319,2.679321870766319,1.2843360000000006,0.0
2010-05-19,1.2843360000000006,1.2843360000000006,1.2843360000000006,1.2843360000000006,0.428112,72.096906,21.580959801835025,0.0,0.4,2.952764790057807,2.952764790057807,1.2843360000000006,0.0
2010-05-20,1.2843359999999988,1.2843359999999988,1.2843359999999988,1.2843359999999988,0.428112,72.66430679999999,23.817678340443862,0.0,0.4,3.5210545386088374,3.5210545386088374,1.2843359999999988,0.0
2010-05-21,1.2843359999999988,1.2843359999999988,1.2843359999999988,1.2843359999999988,0.428112,72.28192800000001,25.60402338870154,0.0,0.4,3.0706810482576743,3.0706810482576743,1.2843359999999988,0.0
2010-05-22,1.2843359999999988,1.2843359999999988,1.2843359999999988,1.2843359999999988,0.428112,71.7762012,26.893951939159187,0.0,0.4,2.5742645504576473,2.5742645504576473,1.2843359999999988,0.0
2010-05-23,1.2843359999999988,1.2843359999999988,1.2843359999999988,1.2843359999999988,0.428112,71.49250079999999,28.127478506671174,0.0,0.4,2.5178625675119877,2.5178625675119877,1.2843359999999988,0.0
2010-05-24,1.2843359999999988,1.2843359999999988,1.2843359999999988,1.2843359999999988,0.428112,71.23347,29.2995588717608,0.0,0.4,2.4564163650896274,2.4564163650896274,1.2843359999999988,0.0
2010-05-25,1.2843359999999988,1.2843359999999988,1.2843359999999988,1.2843359999999988,0.428112,71.0731176,30.442740990035162,0.0,0.4,2.4275181182743597,2.4275181182743597,1.2843359999999988,0.0
2010-05-26,1.2843359999999988,1.2843359999999988,1.2843359999999988,1.2843359999999988,0.428112,71.1224568,31.96395952419872,0.0,0.4,2.8055545341635577,2.8055545341635577,1.2843359999999988,0.0
2010-05-27,1.2843359999999988,1.2843359999999988,1.2843359999999988,1.2843359999999988,0.428112,71.0731176,33.25077654627934,0.0,0.4,2.5711530220806176,2.5711530220806176,1.2843359999999988,0.0
2010-05-28,1.2843359999999988,1.2843359999999988,1.2843359999999988,1.2843359999999988,0.428112,71.0977872,34.223703334151075,0.0,0.4,2.2572627878717313,2.2572627878717313,1.2843359999999988,0.0
2010-05-29,1.2843359999999988,1.2843359999999988,1.2843359999999988,1.2843359999999988,0.428112,71.02377840000001,35.13215648866323,0.0,0.4,2.1927891545121523,2.1927891545121523,1.2843359999999988,0.0
2010-05-30,1.2843359999999988,1.2843359999999988,1.2843359999999988,1.2843359999999988,0.428112,71.49250079999999,36.587339859806704,0.0,0.4,2.7395193711434764,2.7395193711434764,1.2843359999999988,0.0
2010-05-31,1.2843359999999988,1.2843359999999988,1.2843359999999988,1.2843359999999988,0.428112,71.973558,39.099208380391204,0.0,0.4,3.7962045205845016,3.7962045205845016,1.2843359999999988,0.0
2010-06-01,1.2843359999999988,1.2843359999999988,1.2843359999999988,1.2843359999999988,0.428112,72.2695932,42.92104742120937,0.0,0.4,5.106175040818168,5.106175040818168,1.2843359999999988,0.0
2010-06-02,1.2843359999999988,1.2843359999999988,1.2843359999999988,1.2843359999999988,0.428112,72.6889764,47.719641913247614,0.0,0.4,6.082930492038236,6.082930492038236,1.2843359999999988,0.0
2010-06-03,1.2843359999999988,1.2843359999999988,1.2843359999999988,1.2843359999999988,0.428112,73.1823684,55.861913783332014,0.0,0.4,9.426607870084398,9.426607870084398,1.2843359999999988,0.0
2010-06-04,1.2843360000000006,1.2843360000000006,1.2843360000000006,1.2843360000000006,0.428112,74.3418396,66.42183742912087,0.0,0.4,11.844259645788858,11.844259645788858,1.2843360000000006,0.0
2010-06-05,1.2843360000000001,1.2843360000000001,1.2843360000000001,1.2843360000000001,0.428112,75.26694959999999,79.71256510527273,0.0,0.4,14.575063676151855,14.575063676151855,1.2843360000000001,0.0
2010-06-06,15.897437137239418,15.897437137239418,15.897437137239418,1.2843360000000006,0.428112,75.5629848,79.83,14.613101137239417,0.4,16.014872031966686,16.014872031966686,15.897437137239418,0.0
2010-06-07,15.42361005793111,15.42361005793111,15.42361005793111,1.2843360000000006,0.428112,75.4026324,79.83,14.139274057931111,0.4,15.423610057931112,15.423610057931112,15.42361005793111,0.0
2010-06-08,15.424669494728736,15.424669494728736,15.424669494728736,1.2843360000000006,0.428112,75.3902976,79.83,14.140333494728736,0.4,15.424669494728738,15.424669494728738,15.424669494728736,0.0
2010-06-09,14.976987878451549,14.976987878451549,14.976987878451549,1.2843360000000006,0.428112,75.13126679999999,79.83,13.692651878451548,0.4,14.976987878451549,14.976987878451549,14.976987878451549,0.0
2010-06-10,11.26171846437375,11.26171846437375,11.26171846437375,1.2843360000000006,0.428112,74.0951436,79.83,9.977382464373749,0.4,11.26171846437375,11.26171846437375,11.26171846437375,0.0
2010-06-11,9.820557482001952,9.820557482001952,9.820557482001952,1.2843360000000006,0.428112,73.1947032,79.83,8.53622148200195,0.4,9.820557482001952,9.820557482001952,9.820557482001952,0.0
2010-06-12,10.829357201022237,10.829357201022237,10.829357201022237,1.2843360000000006,0.428112,72.8246592,79.83,9.545021201022237,0.4,10.829357201022239,10.829357201022239,10.829357201022237,0.0
2010-06-13,11.110222302793101,11.110222302793101,11.110222302793101,1.2843360000000006,0.428112,72.75065040000001,79.83,9.825886302793101,0.4,11.110222302793103,11.110222302793103,11.110222302793101,0.0
2010-06-14,11.414277328672018,11.414277328672018,11.414277328672018,1.2843360000000006,0.428112,72.97267679999999,79.83,10.129941328672016,0.4,11.414277328672018,11.414277328672018,11.414277328672018,0.0
2010-06-15,9.864585539503327,9.864585539503327,9.864585539503327,1.2843360000000006,0.428112,73.2810468,79.83,8.580249539503326,0.4,9.864585539503327,9.864585539503327,9.864585539503327,0.0
2010-06-16,8.556216420802073,8.556216420802073,8.556216420802073,1.2843359999999997,0.428112,73.207038,79.83,7.2718804208020735,0.4,8.556216420802073,8.556216420802073,8.556216420802073,0.0
2010-06-17,7.210040270089511,7.210040270089511,7.210040270089511,1.2843359999999997,0.428112,73.1576988,79.83,5.925704270089511,0.4,7.21004027008951,7.21004027008951,7.210040270089511,0.0
2010-06-18,7.878252751984714,7.878252751984714,7.878252751984714,1.2843359999999997,0.428112,73.5894168,79.83,6.593916751984715,0.4,7.878252751984713,7.878252751984713,7.878252751984714,0.0
2010-06-19,6.692738653712267,6.692738653712267,6.692738653712267,1.2843359999999997,0.428112,74.4281832,79.83,5.408402653712267,0.4,6.692738653712266,6.692738653712266,6.692738653712267,0.0
2010-06-20,5.722869287660774,5.722869287660774,5.722869287660774,1.2843359999999997,0.428112,75.26694959999999,79.83,4.438533287660774,0.4,5.722869287660773,5.722869287660773,5.722869287660774,0.0
2010-06-21,5.940438184165419,5.940438184165419,5.940438184165419,1.2843359999999997,0.428112,75.87135479999999,79.83,4.6561021841654195,0.4,5.940438184165418,5.940438184165418,5.940438184165419,0.0
2010-06-22,6.086100803519134,6.086100803519134,6.086100803519134,1.2843359999999997,0.428112,76.40175119999999,79.83,4.801764803519134,0.4,6.086100803519133,6.086100803519133,6.086100803519134,0.0
2010-06-23,6.615242165245858,6.615242165245858,6.615242165245858,1.2843359999999997,0.428112,77.0678304,79.83,5.3309061652458585,0.4,6.615242165245857,6.615242165245857,6.615242165245858,0.0
2010-06-24,5.855043165828704,5.855043165828704,5.855043165828704,1.2843359999999997,0.428112,77.3145264,79.83,4.570707165828704,0.4,5.855043165828703,5.855043165828703,5.855043165828704,0.0
2010-06-25,5.209443457770847,5.209443457770847,5.209443457770847,1.2843360000000001,0.428112,77.0184912,79.83,3.925107457770847,0.4,5.209443457770846,5.209443457770846,5.209443457770847,0.0
2010-06-26,5.064490810543541,5.064490810543541,5.064490810543541,1.2843360000000001,0.428112,76.96915200000001,79.83,3.7801548105435407,0.4,5.06449081054354,5.06449081054354,5.064490810543541,0.0
2010-06-27,5.656850335872656,5.656850335872656,5.656850335872656,1.2843359999999997,0.428112,77.27752199999999,79.83,4.372514335872657,0.4,5.656850335872655,5.656850335872655,5.656850335872656,0.0
2010-06-28,5.536177906446961,5.536177906446961,5.536177906446961,1.2843359999999997,0.428112,77.6845704,79.83,4.251841906446962,0.4,5.5361779064469605,5.5361779064469605,5.536177906446961,0.0
2010-06-29,5.254727100805412,5.254727100805412,5.254727100805412,1.2843360000000001,0.428112,77.6845704,79.83,3.970391100805412,0.4,5.254727100805411,5.254727100805411,5.254727100805412,0.0
2010-06-30,4.458886845212094,4.458886845212094,4.458886845212094,1.2843360000000001,0.428112,77.6105616,79.83,3.174550845212094,0.4,4.458886845212094,4.458886845212094,4.458886845212094,0.0
2010-07-01,3.8735251746833037,3.8735251746833037,3.8735251746833037,1.2843360000000001,0.428112,77.49954840000001,79.83,2.5891891746833036,0.4,3.8735251746833037,3.8735251746833037,3.8735251746833037,0.0
2010-07-02,3.7358048355677966,3.7358048355677966,3.7358048355677966,1.2843360000000001,0.428112,77.4748788,79.83,2.4514688355677965,0.4,3.7358048355677966,3.7358048355677966,3.7358048355677966,0.0
2010-07-03,3.4534428071442878,3.4534428071442878,3.4534428071442878,1.2843360000000001,0.428112,77.8202532,79.83,2.1691068071442876,0.4,3.4534428071442878,3.4534428071442878,3.4534428071442878,0.0
2010-07-04,3.225592278694673,3.225592278694673,3.225592278694673,1.2843360000000001,0.428112,78.3506496,79.83,1.9412562786946728,0.4,3.225592278694673,3.225592278694673,3.225592278694673,0.0
2010-07-05,2.494515545740285,2.494515545740285,2.494515545740285,1.2843360000000001,0.428112,78.8563764,79.83,1.2101795457402846,0.4,2.494515545740285,2.494515545740285,2.494515545740285,0.0
2010-07-06,2.361726909973732,2.361726909973732,2.361726909973732,1.2843360000000001,0.428112,78.91805040000001,79.83,1.0773909099737318,0.4,2.361726909973732,2.361726909973732,2.361726909973732,0.0
2010-07-07,2.230635222043377,2.230635222043377,2.230635222043377,1.2843360000000001,0.428112,78.8933808,79.83,0.9462992220433768,0.4,2.230635222043377,2.230635222043377,2.230635222043377,0.0
2010-07-08,1.7332674421014809,1.7332674421014809,1.7332674421014809,1.2843360000000001,0.428112,78.8563764,79.83,0.4489314421014807,0.4,1.7332674421014809,1.7332674421014809,1.7332674421014809,0.0
2010-07-09,1.664258400592061,1.664258400592061,1.664258400592061,1.2843360000000001,0.428112,78.8687112,79.83,0.37992240059206095,0.4,1.664258400592061,1.664258400592061,1.664258400592061,0.0
2010-07-10,1.5544898783739425,1.5544898783739425,1.5544898783739425,1.2843360000000001,0.428112,78.8440416,79.83,0.27015387837394234,0.4,1.5544898783739425,1.5544898783739425,1.5544898783739425,0.0
2010-07-11,1.4882163299783955,1.4882163299783955,1.4882163299783955,1.2843360000000001,0.428112,78.7823676,79.83,0.20388032997839534,0.4,1.4882163299783955,1.4882163299783955,1.4882163299783955,0.0
2010-07-12,1.388331146938138,1.388331146938138,1.388331146938138,1.2843360000000001,0.428112,78.8070372,79.83,0.10399514693813794,0.4,1.388331146938138,1.388331146938138,1.388331146938138,0.0
2010-07-13,1.2843360000000001,1.2843360000000001,1.2843360000000001,1.2843360000000001,0.428112,78.7823676,79.59742163994807,0.0,0.4,1.0517576399480628,1.0517576399480628,1.2843360000000001,0.0
2010-07-14,1.284336,1.284336,1.284336,1.284336,0.428112,78.7206936,79.23328782441482,0.0,0.4,0.9202021844667471,0.9202021844667471,1.284336,0.0
2010-07-15,1.2843360000000001,1.2843360000000001,1.2843360000000001,1.2843360000000001,0.428112,78.6836892,78.68172869362459,0.0,0.4,0.7327768692097798,0.7327768692097798,1.2843360000000001,0.0
2010-07-16,1.2843360000000004,1.2843360000000004,1.2843360000000004,1.2843360000000004,0.428112,78.7700328,78.07589156724076,0.0,0.4,0.6784988736161626,0.6784988736161626,1.2843360000000004,0.0
2010-07-17,1.2843360000000001,1.2843360000000001,1.2843360000000001,1.2843360000000001,0.428112,78.7947024,77.2818508261937,0.0,0.4,0.49029525895293863,0.49029525895293863,1.2843360000000001,0.0
2010-07-18,1.2843360000000001,1.2843360000000001,1.2843360000000001,1.2843360000000001,0.428112,78.63435,76.40298573405664,0.0,0.4,0.4054709078629451,0.4054709078629451,1.2843360000000001,0.0
2010-07-19,1.2843360000000001,1.2843360000000001,1.2843360000000001,1.2843360000000001,0.428112,78.22730159999999,75.47038064098076,0.0,0.4,0.3517309069241228,0.3517309069241228,1.2843360000000001,0.0
2010-07-20,1.2843359999999997,1.2843359999999997,1.2843359999999997,1.2843359999999997,0.428112,77.462544,74.4879009265734,0.0,0.4,0.30185628559264194,0.30185628559264194,1.2843359999999997,0.0
2010-07-21,1.2843359999999997,1.2843359999999997,1.2843359999999997,1.2843359999999997,0.428112,76.9444824,73.46211796460864,0.0,0.4,0.2585530380352412,0.2585530380352412,1.2843359999999997,0.0
2010-07-22,1.2843359999999997,1.2843359999999997,1.2843359999999997,1.2843359999999997,0.428112,76.352412,72.39613462531953,0.0,0.4,0.21835266071089005,0.21835266071089005,1.2843359999999997,0.0
2010-07-23,1.2843360000000006,1.2843360000000006,1.2843360000000006,1.2843360000000006,0.428112,75.673998,71.29584412058728,0.0,0.4,0.18404549526773809,0.18404549526773809,1.2843360000000006,0.0
2010-07-24,1.2843360000000006,1.2843360000000006,1.2843360000000006,1.2843360000000006,0.428112,74.872236,70.16637329939238,0.0,0.4,0.15486517880510198,0.15486517880510198,1.2843360000000006,0.0
2010-07-25,1.2843360000000006,1.2843360000000006,1.2843360000000006,1.2843360000000006,0.428112,74.0951436,69.03239402486038,0.0,0.4,0.1503567254680009,0.1503567254680009,1.2843360000000006,0.0
2010-07-26,1.2843360000000006,1.2843360000000006,1.2843360000000006,1.2843360000000006,0.428112,73.2933816,67.86102324140414,0.0,0.4,0.11296521654375791,0.11296521654375791,1.2843360000000006,0.0
2010-07-27,1.2843360000000006,1.2843360000000006,1.2843360000000006,1.2843360000000006,0.428112,72.3806064,66.67243308814967,0.0,0.4,0.09574584674552931,0.09574584674552931,1.2843360000000006,0.0
2010-07-28,1.2843360000000006,1.2843360000000006,1.2843360000000006,1.2843360000000006,0.428112,71.5541748,65.47108645859097,0.0,0.4,0.0829893704413038,0.0829893704413038,1.2843360000000006,0.0
2010-07-29,1.2843360000000006,1.2843360000000006,1.2843360000000006,1.2843360000000006,0.428112,70.740078,64.25983347194406,0.0,0.4,0.07308301335309406,0.07308301335309406,1.2843360000000006,0.0
2010-07-30,1.2843359999999988,1.2843359999999988,1.2843359999999988,1.2843359999999988,0.428112,69.8889768,63.04060223665263,0.0,0.4,0.06510476470856531,0.06510476470856531,1.2843359999999988,0.0
2010-07-31,1.2843359999999988,1.2843359999999988,1.2843359999999988,1.2843359999999988,0.428112,68.828184,61.814895643734104,0.0,0.4,0.058629407081470124,0.058629407081470124,1.2843359999999988,0.0
2010-08-01,1.2843359999999988,1.2843359999999988,1.2843359999999988,1.2843359999999988,0.428112,68.05109159999999,60.584112228471746,0.0,0.4,0.05355258473764221,0.05355258473764221,1.2843359999999988,0.0
2010-08-02,1.2843359999999988,1.2843359999999988,1.2843359999999988,1.2843359999999988,0.428112,67.0149684,59.34916710778191,0.0,0.4,0.049390879310164434,0.049390879310164434,1.2843359999999988,0.0
2010-08-03,1.2843359999999988,1.2843359999999988,1.2843359999999988,1.2843359999999988,0.428112,65.97884520000001,58.11064841467128,0.0,0.4,0.04581730688936923,0.04581730688936923,1.2843359999999988,0.0
2010-08-04,1.2843359999999988,1.2843359999999988,1.2843359999999988,1.2843359999999988,0.428112,64.7947044,56.86906371639312,0.0,0.4,0.04275130172183708,0.04275130172183708,1.2843359999999988,0.0
2010-08-05,1.2843359999999988,1.2843359999999988,1.2843359999999988,1.2843359999999988,0.428112,63.4132068,55.62492706927267,0.0,0.4,0.04019935287955345,0.04019935287955345,1.2843359999999988,0.0
2010-08-06,1.2843359999999988,1.2843359999999988,1.2843359999999988,1.2843359999999988,0.428112,62.29074,54.37875416613759,0.0,0.4,0.03816309686491467,0.03816309686491467,1.2843359999999988,0.0
2010-08-07,1.2843359999999988,1.2843359999999988,1.2843359999999988,1.2843359999999988,0.428112,61.0079208,53.13104676729714,0.0,0.4,0.03662860115955193,0.03662860115955193,1.2843359999999988,0.0
2010-08-08,1.2843359999999988,1.2843359999999988,1.2843359999999988,1.2843359999999988,0.428112,59.72510160000001,51.88897893646326,0.0,0.4,0.0422681691661193,0.0422681691661193,1.2843359999999988,0.0
2010-08-09,1.2843359999999988,1.2843359999999988,1.2843359999999988,1.2843359999999988,0.428112,58.6396392,50.63960458069535,0.0,0.4,0.03496164423208592,0.03496164423208592,1.2843359999999988,0.0
2010-08-10,1.2843359999999988,1.2843359999999988,1.2843359999999988,1.2843359999999988,0.428112,58.35593879999999,49.38926555717919,0.0,0.4,0.03399697648384677,0.03399697648384677,1.2843359999999988,0.0
2010-08-11,1.2843359999999988,1.2843359999999988,1.2843359999999988,1.2843359999999988,0.428112,57.739198800000004,48.13822091618302,0.0,0.4,0.03329135900382736,0.03329135900382736,1.2843359999999988,0.0
2010-08-12,1.2843359999999988,1.2843359999999988,1.2843359999999988,1.2843359999999988,0.428112,56.715410399999996,46.88658772175777,0.0,0.4,0.03270280557474572,0.03270280557474572,1.2843359999999988,0.0
2010-08-13,1.2843359999999988,1.2843359999999988,1.2843359999999988,1.2843359999999988,0.428112,55.7162916,45.634427598271294,0.0,0.4,0.03217587651352603,0.03217587651352603,1.2843359999999988,0.0
2010-08-14,1.2843359999999988,1.2843359999999988,1.2843359999999988,1.2843359999999988,0.428112,55.136556000000006,44.381727105598834,0.0,0.4,0.03163550732753646,0.03163550732753646,1.2843359999999988,0.0
2010-08-15,1.2843359999999988,1.2843359999999988,1.2843359999999988,1.2843359999999988,0.428112,54.2361156,43.128468232882824,0.0,0.4,0.031077127283987233,0.031077127283987233,1.2843359999999988,0.0
2010-08-16,1.2843359999999988,1.2843359999999988,1.2843359999999988,1.2843359999999988,0.428112,53.0519748,41.8746347434033,0.0,0.4,0.03050251052047438,0.03050251052047438,1.2843359999999988,0.0
2010-08-17,1.2843359999999988,1.2843359999999988,1.2843359999999988,1.2843359999999988,0.428112,52.521578399999996,40.620203965800314,0.0,0.4,0.0299052223970123,0.0299052223970123,1.2843359999999988,0.0
2010-08-18,1.2843359999999988,1.2843359999999988,1.2843359999999988,1.2843359999999988,0.428112,51.769155600000005,39.365159786560305,0.0,0.4,0.02929182075998632,0.02929182075998632,1.2843359999999988,0.0
2010-08-19,1.2843359999999988,1.2843359999999988,1.2843359999999988,1.2843359999999988,0.428112,51.2140896,38.1095314184736,0.0,0.4,0.028707631913294902,0.028707631913294902,1.2843359999999988,0.0
2010-08-20,1.2843359999999988,1.2843359999999988,1.2843359999999988,1.2843359999999988,0.428112,50.9057196,36.853354278023325,0.0,0.4,0.028158859549724156,0.028158859549724156,1.2843359999999988,0.0
2010-08-21,1.2843359999999988,1.2843359999999988,1.2843359999999988,1.2843359999999988,0.428112,50.745367200000004,35.59666808570859,0.0,0.4,0.02764980768526443,0.02764980768526443,1.2843359999999988,0.0
2010-08-22,1.2843359999999988,1.2843359999999988,1.2843359999999988,1.2843359999999988,0.428112,50.634353999999995,34.33954429260124,0.0,0.4,0.027212206892644655,0.027212206892644655,1.2843359999999988,0.0
2010-08-23,1.2843359999999988,1.2843359999999988,1.2843359999999988,1.2843359999999988,0.428112,50.128627200000004,33.08201586885479,0.0,0.4,0.026807576253551027,0.026807576253551027,1.2843359999999988,0.0
2010-08-24,1.2843359999999988,1.2843359999999988,1.2843359999999988,1.2843359999999988,0.428112,49.437878399999995,31.824021729842183,0.0,0.4,0.02634186098739423,0.02634186098739423,1.2843359999999988,0.0
2010-08-25,1.2843359999999988,1.2843359999999988,1.2843359999999988,1.2843359999999988,0.428112,48.9938256,30.565463779163643,0.0,0.4,0.025778049321457167,0.025778049321457167,1.2843359999999988,0.0
2010-08-26,1.2843359999999988,1.2843359999999988,1.2843359999999988,1.2843359999999988,0.428112,48.821138399999995,29.306290717337678,0.0,0.4,0.02516293817403502,0.02516293817403502,1.2843359999999988,0.0
2010-08-27,1.2843359999999988,1.2843359999999988,1.2843359999999988,1.2843359999999988,0.428112,48.784134,28.046542517842603,0.0,0.4,0.024587800504923325,0.024587800504923325,1.2843359999999988,0.0
2010-08-28,1.2843359999999988,1.2843359999999988,1.2843359999999988,1.2843359999999988,0.428112,48.808803600000005,26.786327247378974,0.0,0.4,0.024120729536369567,0.024120729536369567,1.2843359999999988,0.0
2010-08-29,1.2843359999999988,1.2843359999999988,1.2843359999999988,1.2843359999999988,0.428112,48.72246,25.5259527843973,0.0,0.4,0.023961537018326158,0.023961537018326158,1.2843359999999988,0.0
2010-08-30,1.2843359999999988,1.2843359999999988,1.2843359999999988,1.2843359999999988,0.428112,48.537438,24.265357665147324,0.0,0.4,0.023740880750020427,0.023740880750020427,1.2843359999999988,0.0
2010-08-31,1.2843359999999988,1.2843359999999988,1.2843359999999988,1.2843359999999988,0.428112,48.4634292,23.004516613222695,0.0,0.4,0.023494948075371315,0.023494948075371315,1.2843359999999988,0.0
2010-09-01,1.2843360000000006,1.2843360000000006,1.2843360000000006,1.2843360000000006,0.428112,48.3894204,21.743421822815435,0.0,0.4,0.023241209592739693,0.023241209592739693,1.2843360000000006,0.0
2010-09-02,1.2843360000000006,1.2843360000000006,1.2843360000000006,1.2843360000000006,0.428112,48.315411600000004,20.482013257848877,0.0,0.4,0.022927435033442543,0.022927435033442543,1.2843360000000006,0.0
2010-09-03,1.2843360000000006,1.2843360000000006,1.2843360000000006,1.2843360000000006,0.428112,48.0193764,19.220238988121537,0.0,0.4,0.022561730272661725,0.022561730272661725,1.2843360000000006,0.0
2010-09-04,1.2843360000000006,1.2843360000000006,1.2843360000000006,1.2843360000000006,0.428112,47.8220196,17.958087208801444,0.0,0.4,0.022184220679907343,0.022184220679907343,1.2843360000000006,0.0
2010-09-05,1.2843360000000006,1.2843360000000006,1.2843360000000006,1.2843360000000006,0.428112,47.7110064,16.695581879126944,0.0,0.4,0.021830670325499298,0.021830670325499298,1.2843360000000006,0.0
2010-09-06,1.2843360000000006,1.2843360000000006,1.2843360000000006,1.2843360000000006,0.428112,47.4396408,15.432761851968348,0.0,0.4,0.02151597284140422,0.02151597284140422,1.2843360000000006,0.0
2010-09-07,1.2843359999999997,1.2843359999999997,1.2843359999999997,1.2843359999999997,0.428112,47.0202576,14.169656110032792,0.0,0.4,0.02123025806444422,0.02123025806444422,1.2843359999999997,0.0
2010-09-08,1.2843359999999997,1.2843359999999997,1.2843359999999997,1.2843359999999997,0.428112,46.9092444,12.906321953627348,0.0,0.4,0.02100184359455587,0.02100184359455587,1.2843359999999997,0.0
2010-09-09,1.2843359999999997,1.2843359999999997,1.2843359999999997,1.2843359999999997,0.428112,46.6995528,11.643018529874634,0.0,0.4,0.02103257624728703,0.02103257624728703,1.2843359999999997,0.0
2010-09-10,1.2843359999999997,1.2843359999999997,1.2843359999999997,1.2843359999999997,0.428112,46.6132092,10.379465136148081,0.0,0.4,0.020782606273446958,0.020782606273446958,1.2843359999999997,0.0
2010-09-11,1.2843360000000001,1.2843360000000001,1.2843360000000001,1.2843360000000001,0.428112,46.5392004,9.115775215561033,0.0,0.4,0.02064607941295278,0.02064607941295278,1.2843360000000001,0.0
2010-09-12,1.2843360000000001,1.2843360000000001,1.2843360000000001,1.2843360000000001,0.428112,46.391182799999996,7.851898028331205,0.0,0.4,0.02045881277017226,0.02045881277017226,1.2843360000000001,0.0
2010-09-13,1.2843360000000001,1.2843360000000001,1.2843360000000001,1.2843360000000001,0.428112,46.107482399999995,6.587817046484234,0.0,0.4,0.02025501815302876,0.02025501815302876,1.2843360000000001,0.0
2010-09-14,0.40788426032728287,0.40788426032728287,0.40788426032728287,0.40788426032728287,0.428112,46.2184956,6.2,0.0,0.4,0.020067213843049443,0.020067213843049443,0.40788426032728287,0.0
2010-09-15,0.01989893757462638,0.01989893757462638,0.01989893757462638,0.01989893757462638,0.428112,46.2678348,6.2,0.0,0.4,0.01989893757462638,0.01989893757462638,0.01989893757462638,0.0
2010-09-16,0.019734820688594,0.019734820688594,0.019734820688594,0.019734820688594,0.428112,46.0581432,6.2,0.0,0.4,0.019734820688594,0.019734820688594,0.019734820688594,0.0
2010-09-17,0.019567321501769198,0.019567321501769198,0.019567321501769198,0.019567321501769198,0.428112,45.8114472,6.2,0.0,0.4,0.019567321501769198,0.019567321501769198,0.019567321501769198,0.0
2010-09-18,0.019404160458934682,0.019404160458934682,0.019404160458934682,0.019404160458934682,0.428112,45.601755600000004,6.2,0.0,0.4,0.019404160458934682,0.019404160458934682,0.019404160458934682,0.0
2010-09-19,0.019255569912067522,0.019255569912067522,0.019255569912067522,0.019255569912067522,0.428112,45.355059600000004,6.2,0.0,0.4,0.019255569912067522,0.019255569912067522,0.019255569912067522,0.0
2010-09-20,0.0191320981779441,0.0191320981779441,0.0191320981779441,0.0191320981779441,0.428112,45.4784076,6.2,0.0,0.4,0.0191320981779441,0.0191320981779441,0.0191320981779441,0.0
2010-09-21,0.01902579766618221,0.01902579766618221,0.01902579766618221,0.01902579766618221,0.428112,45.62642520000001,6.2,0.0,0.4,0.01902579766618221,0.01902579766618221,0.01902579766618221,0.0
2010-09-22,0.01892137860081611,0.01892137860081611,0.01892137860081611,0.01892137860081611,0.428112,45.774442799999996,6.2,0.0,0.4,0.01892137860081611,0.01892137860081611,0.01892137860081611,0.0
2010-09-23,0.018838369369002052,0.018838369369002052,0.018838369369002052,0.018838369369002052,0.428112,45.9101256,6.2,0.0,0.4,0.018838369369002052,0.018838369369002052,0.018838369369002052,0.0
2010-09-24,0.018753261913192695,0.018753261913192695,0.018753261913192695,0.018753261913192695,0.428112,46.0581432,6.2,0.0,0.4,0.018753261913192695,0.018753261913192695,0.018753261913192695,0.0
2010-09-25,0.01863306646706193,0.01863306646706193,0.01863306646706193,0.01863306646706193,0.428112,46.193826,6.2,0.0,0.4,0.01863306646706193,0.01863306646706193,0.01863306646706193,0.0
2010-09-26,0.018487484713788034,0.018487484713788034,0.018487484713788034,0.018487484713788034,0.428112,46.3295088,6.2,0.0,0.4,0.018487484713788034,0.018487484713788034,0.018487484713788034,0.0
2010-09-27,0.018333724163732457,0.018333724163732457,0.018333724163732457,0.018333724163732457,0.428112,46.465191600000004,6.2,0.0,0.4,0.018333724163732457,0.018333724163732457,0.018333724163732457,0.0
2010-09-28,0.018181417725673627,0.018181417725673627,0.018181417725673627,0.018181417725673627,0.428112,46.588539600000004,6.2,0.0,0.4,0.018181417725673627,0.018181417725673627,0.018181417725673627,0.0
2010-09-29,0.018031327274809827,0.018031327274809827,0.018031327274809827,0.018031327274809827,0.428112,46.7118876,6.2,0.0,0.4,0.018031327274809827,0.018031327274809827,0.018031327274809827,0.0
2010-09-30,0.017890924855924327,0.017890924855924327,0.017890924855924327,0.017890924855924327,0.428112,46.835235600000004,6.2,0.0,0.4,0.017890924855924327,0.017890924855924327,0.017890924855924327,0.0
