Year,Month,Scen,Inflow,Month-Year
1980,10,Historic,0.424042187,1980-10
1980,11,Historic,0.172725733,1980-11
1980,12,Historic,0.66219527,1980-12
1981,1,Historic,1.761499658,1981-1
1981,10,Historic,0.424695321,1981-10
1981,11,Historic,2.75669947,1981-11
1981,12,Historic,1.29248315,1981-12
1981,2,Historic,0.619648865,1981-2
1981,3,Historic,1.572326023,1981-3
1981,4,Historic,4.113002371,1981-4
1981,5,Historic,8.028601851,1981-5
1981,6,Historic,3.006606136,1981-6
1981,7,Historic,0.332594772,1981-7
1981,8,Historic,0.180869627,1981-8
1981,9,Historic,0.075642693,1981-9
1982,1,Historic,4.742462637,1982-1
1982,10,Historic,1.597095162,1982-10
1982,11,Historic,2.148308279,1982-11
1982,12,Historic,5.280432335,1982-12
1982,2,Historic,6.859628031,1982-2
1982,3,Historic,7.715033624,1982-3
1982,4,Historic,16.2808255,1982-4
1982,5,Historic,16.44034707,1982-5
1982,6,Historic,15.80183307,1982-6
1982,7,Historic,5.207241302,1982-7
1982,8,Historic,1.269920184,1982-8
1982,9,Historic,0.933947489,1982-9
1983,1,Historic,6.472209543,1983-1
1983,10,Historic,0.630348621,1983-10
1983,11,Historic,2.214520747,1983-11
1983,12,Historic,5.548689592,1983-12
1983,2,Historic,10.56100912,1983-2
1983,3,Historic,11.82131147,1983-3
1983,4,Historic,6.004562292,1983-4
1983,5,Historic,13.94839357,1983-5
1983,6,Historic,19.94044159,1983-6
1983,7,Historic,11.72367982,1983-7
1983,8,Historic,3.357869765,1983-8
1983,9,Historic,1.759386888,1983-9
1984,1,Historic,3.550006738,1984-1
1984,10,Historic,0.366483399,1984-10
1984,11,Historic,0.906228261,1984-11
1984,12,Historic,0.351708129,1984-12
1984,2,Historic,2.356495874,1984-2
1984,3,Historic,3.186928928,1984-3
1984,4,Historic,3.509343562,1984-4
1984,5,Historic,13.63698356,1984-5
1984,6,Historic,6.548337634,1984-6
1984,7,Historic,1.674575874,1984-7
1984,8,Historic,0.502071077,1984-8
1984,9,Historic,0.320604578,1984-9
1985,1,Historic,0.274938225,1985-1
1985,10,Historic,0.361072224,1985-10
1985,11,Historic,0.74344804,1985-11
1985,12,Historic,0.812061928,1985-12
1985,2,Historic,0.684511974,1985-2
1985,3,Historic,1.228387466,1985-3
1985,4,Historic,5.006014778,1985-4
1985,5,Historic,5.030466419,1985-5
1985,6,Historic,1.759472232,1985-6
1985,7,Historic,0.307093253,1985-7
1985,8,Historic,0.194828863,1985-8
1985,9,Historic,0.21484069,1985-9
1986,1,Historic,0.872309345,1986-1
1986,10,Historic,0.173712913,1986-10
1986,11,Historic,0.108871783,1986-11
1986,12,Historic,0.193870881,1986-12
1986,2,Historic,16.59925996,1986-2
1986,3,Historic,12.44134038,1986-3
1986,4,Historic,6.980533568,1986-4
1986,5,Historic,14.43066445,1986-5
1986,6,Historic,12.77005673,1986-6
1986,7,Historic,2.139754076,1986-7
1986,8,Historic,0.527653434,1986-8
1986,9,Historic,0.330295897,1986-9
1987,1,Historic,0.377438497,1987-1
1987,10,Historic,0.380376376,1987-10
1987,11,Historic,0.295811002,1987-11
1987,12,Historic,0.564358242,1987-12
1987,2,Historic,1.192821551,1987-2
1987,3,Historic,0.865207028,1987-3
1987,4,Historic,2.317167165,1987-4
1987,5,Historic,2.896649265,1987-5
1987,6,Historic,0.764204914,1987-6
1987,7,Historic,0.199175537,1987-7
1987,8,Historic,0.187152697,1987-8
1987,9,Historic,0.080300617,1987-9
1988,1,Historic,0.94468777,1988-1
1988,10,Historic,0.081759142,1988-10
1988,11,Historic,0.622399069,1988-11
1988,12,Historic,0.470961109,1988-12
1988,2,Historic,0.781234517,1988-2
1988,3,Historic,1.281075514,1988-3
1988,4,Historic,2.911552617,1988-4
1988,5,Historic,3.839587411,1988-5
1988,6,Historic,1.853783951,1988-6
1988,7,Historic,0.400543872,1988-7
1988,8,Historic,0.068978686,1988-8
1988,9,Historic,0.079008775,1988-9
1989,1,Historic,0.541111901,1989-1
1989,10,Historic,0.968855461,1989-10
1989,11,Historic,0.491561515,1989-11
1989,12,Historic,0.228014443,1989-12
1989,2,Historic,0.641715592,1989-2
1989,3,Historic,2.908311778,1989-3
1989,4,Historic,6.40173218,1989-4
1989,5,Historic,6.752554579,1989-5
1989,6,Historic,2.524330411,1989-6
1989,7,Historic,0.43375809,1989-7
1989,8,Historic,0.075663622,1989-8
1989,9,Historic,0.321736335,1989-9
1990,1,Historic,0.931620398,1990-1
1990,10,Historic,0.088869868,1990-10
1990,11,Historic,0.136670966,1990-11
1990,12,Historic,0.156953449,1990-12
1990,2,Historic,0.761497813,1990-2
1990,3,Historic,1.939855944,1990-3
1990,4,Historic,4.600553105,1990-4
1990,5,Historic,5.161450312,1990-5
1990,6,Historic,1.761078849,1990-6
1990,7,Historic,0.42063653,1990-7
1990,8,Historic,0.068378677,1990-8
1990,9,Historic,0.082860102,1990-9
1991,1,Historic,0.200255109,1991-1
1991,10,Historic,0.509568184,1991-10
1991,11,Historic,0.442969811,1991-11
1991,12,Historic,0.659336769,1991-12
1991,2,Historic,0.744337893,1991-2
1991,3,Historic,3.184603422,1991-3
1991,4,Historic,3.765391703,1991-4
1991,5,Historic,5.004836302,1991-5
1991,6,Historic,9.447687442,1991-6
1991,7,Historic,1.812050281,1991-7
1991,8,Historic,0.223976028,1991-8
1991,9,Historic,0.087936787,1991-9
1992,1,Historic,0.415886216,1992-1
1992,10,Historic,0.332550364,1992-10
1992,11,Historic,0.164379372,1992-11
1992,12,Historic,1.841015177,1992-12
1992,2,Historic,1.936813317,1992-2
1992,3,Historic,2.280785119,1992-3
1992,4,Historic,5.659151345,1992-4
1992,5,Historic,5.816725662,1992-5
1992,6,Historic,0.73093855,1992-6
1992,7,Historic,0.339868029,1992-7
1992,8,Historic,0.065299652,1992-8
1992,9,Historic,0.078028811,1992-9
1993,1,Historic,7.863408111,1993-1
1993,10,Historic,0.238034134,1993-10
1993,11,Historic,0.218408951,1993-11
1993,12,Historic,0.525851391,1993-12
1993,2,Historic,6.63784125,1993-2
1993,3,Historic,7.37830574,1993-3
1993,4,Historic,7.53914781,1993-4
1993,5,Historic,13.22652335,1993-5
1993,6,Historic,13.72128043,1993-6
1993,7,Historic,5.629330111,1993-7
1993,8,Historic,1.195470756,1993-8
1993,9,Historic,0.398380083,1993-9
1994,1,Historic,0.404429499,1994-1
1994,10,Historic,0.642963723,1994-10
1994,11,Historic,0.755380183,1994-11
1994,12,Historic,0.684205992,1994-12
1994,2,Historic,1.120074306,1994-2
1994,3,Historic,0.640586421,1994-3
1994,4,Historic,2.095361095,1994-4
1994,5,Historic,3.934913853,1994-5
1994,6,Historic,1.763628854,1994-6
1994,7,Historic,0.225429061,1994-7
1994,8,Historic,0.055828776,1994-8
1994,9,Historic,0.125603516,1994-9
1995,1,Historic,9.224913588,1995-1
1995,10,Historic,0.27021682,1995-10
1995,11,Historic,0.138676471,1995-11
1995,12,Historic,2.058576035,1995-12
1995,2,Historic,5.509361324,1995-2
1995,3,Historic,15.25974243,1995-3
1995,4,Historic,9.165970902,1995-4
1995,5,Historic,12.53871423,1995-5
1995,6,Historic,16.33020713,1995-6
1995,7,Historic,11.66067196,1995-7
1995,8,Historic,3.138642717,1995-8
1995,9,Historic,1.040036263,1995-9
1996,1,Historic,1.31278818,1996-1
1996,10,Historic,0.260474726,1996-10
1996,11,Historic,1.843800633,1996-11
1996,12,Historic,7.40622638,1996-12
1996,2,Historic,7.109658051,1996-2
1996,3,Historic,6.446915507,1996-3
1996,4,Historic,7.258641388,1996-4
1996,5,Historic,19.70104113,1996-5
1996,6,Historic,9.971262932,1996-6
1996,7,Historic,1.67988488,1996-7
1996,8,Historic,0.343828092,1996-8
1996,9,Historic,0.182686649,1996-9
1997,1,Historic,17.53930274,1997-1
1997,10,Historic,0.132935183,1997-10
1997,11,Historic,0.37241814,1997-11
1997,12,Historic,0.742075528,1997-12
1997,2,Historic,5.038328745,1997-2
1997,3,Historic,4.182184741,1997-3
1997,4,Historic,7.352933435,1997-4
1997,5,Historic,15.61410448,1997-5
1997,6,Historic,6.90652461,1997-6
1997,7,Historic,2.484035529,1997-7
1997,8,Historic,0.502885059,1997-8
1997,9,Historic,0.2564753,1997-9
1998,1,Historic,2.898558317,1998-1
1998,10,Historic,0.203575035,1998-10
1998,11,Historic,0.482440271,1998-11
1998,12,Historic,0.46943977,1998-12
1998,2,Historic,11.10074703,1998-2
1998,3,Historic,7.143023533,1998-3
1998,4,Historic,7.466486615,1998-4
1998,5,Historic,5.770856831,1998-5
1998,6,Historic,13.38412465,1998-6
1998,7,Historic,12.53833172,1998-7
1998,8,Historic,2.499584523,1998-8
1998,9,Historic,0.602401157,1998-9
1999,1,Historic,1.737291293,1999-1
1999,10,Historic,0.113838323,1999-10
1999,11,Historic,0.377400954,1999-11
1999,12,Historic,0.144375885,1999-12
1999,2,Historic,3.988679114,1999-2
1999,3,Historic,2.220998703,1999-3
1999,4,Historic,4.099109565,1999-4
1999,5,Historic,12.32876027,1999-5
1999,6,Historic,7.851333995,1999-6
1999,7,Historic,1.146192529,1999-7
1999,8,Historic,0.202957082,1999-8
1999,9,Historic,0.212840363,1999-9
2000,1,Historic,3.998542266,2000-1
2000,10,Historic,0.36476226,2000-10
2000,11,Historic,0.157517166,2000-11
2000,12,Historic,0.200112492,2000-12
2000,2,Historic,5.548549404,2000-2
2000,3,Historic,6.965189952,2000-3
2000,4,Historic,12.81430798,2000-4
2000,5,Historic,8.358933569,2000-5
2000,6,Historic,2.044443547,2000-6
2000,7,Historic,0.243961627,2000-7
2000,8,Historic,0.066229777,2000-8
2000,9,Historic,0.092248879,2000-9
2001,1,Historic,0.850379141,2001-1
2001,10,Historic,0.145716816,2001-10
2001,11,Historic,0.882962795,2001-11
2001,12,Historic,1.558506296,2001-12
2001,2,Historic,1.014060976,2001-2
2001,3,Historic,3.099711128,2001-3
2001,4,Historic,3.824840407,2001-4
2001,5,Historic,11.18250999,2001-5
2001,6,Historic,2.842425252,2001-6
2001,7,Historic,0.229916675,2001-7
2001,8,Historic,0.058297433,2001-8
2001,9,Historic,0.085617103,2001-9
2002,1,Historic,1.514359813,2002-1
2002,10,Historic,0.082706244,2002-10
2002,11,Historic,2.601274585,2002-11
2002,12,Historic,1.944465412,2002-12
2002,2,Historic,1.544333007,2002-2
2002,3,Historic,2.412587449,2002-3
2002,4,Historic,5.623964865,2002-4
2002,5,Historic,7.862760004,2002-5
2002,6,Historic,4.671520072,2002-6
2002,7,Historic,0.553749079,2002-7
2002,8,Historic,0.068882135,2002-8
2002,9,Historic,0.084673342,2002-9
2003,1,Historic,1.009926831,2003-1
2003,10,Historic,0.085120031,2003-10
2003,11,Historic,0.279256876,2003-11
2003,12,Historic,1.849748689,2003-12
2003,2,Historic,1.084065173,2003-2
2003,3,Historic,2.299001904,2003-3
2003,4,Historic,6.269670866,2003-4
2003,5,Historic,12.53513622,2003-5
2003,6,Historic,8.875103221,2003-6
2003,7,Historic,0.976088801,2003-7
2003,8,Historic,0.143836371,2003-8
2003,9,Historic,0.082738378,2003-9
2004,1,Historic,0.81099575,2004-1
2004,10,Historic,1.862282987,2004-10
2004,11,Historic,0.319368234,2004-11
2004,12,Historic,1.288899646,2004-12
2004,2,Historic,2.51409354,2004-2
2004,3,Historic,5.235384125,2004-3
2004,4,Historic,6.281502841,2004-4
2004,5,Historic,5.489965289,2004-5
2004,6,Historic,1.443860494,2004-6
2004,7,Historic,0.247121874,2004-7
2004,8,Historic,0.062476728,2004-8
2004,9,Historic,0.075885573,2004-9
2005,1,Historic,6.960120793,2005-1
2005,10,Historic,0.192761164,2005-10
2005,11,Historic,0.187262439,2005-11
2005,12,Historic,2.538842538,2005-12
2005,2,Historic,5.095962813,2005-2
2005,3,Historic,6.828331203,2005-3
2005,4,Historic,5.262720223,2005-4
2005,5,Historic,13.37315167,2005-5
2005,6,Historic,15.14700604,2005-6
2005,7,Historic,7.864335433,2005-7
2005,8,Historic,0.976469515,2005-8
2005,9,Historic,0.265792891,2005-9
2006,1,Historic,4.570103315,2006-1
2006,10,Historic,0.142253716,2006-10
2006,11,Historic,0.205720438,2006-11
2006,12,Historic,0.594687496,2006-12
2006,2,Historic,2.494125217,2006-2
2006,3,Historic,5.567439352,2006-3
2006,4,Historic,13.17287095,2006-4
2006,5,Historic,19.85940835,2006-5
2006,6,Historic,17.07033323,2006-6
2006,7,Historic,2.664557928,2006-7
2006,8,Historic,0.324273302,2006-8
2006,9,Historic,0.107077773,2006-9
2007,1,Historic,0.262424569,2007-1
2007,10,Historic,0.114082694,2007-10
2007,11,Historic,0.091548799,2007-11
2007,12,Historic,0.569496936,2007-12
2007,2,Historic,0.936222073,2007-2
2007,3,Historic,0.898293342,2007-3
2007,4,Historic,1.293977045,2007-4
2007,5,Historic,1.715149579,2007-5
2007,6,Historic,0.281485666,2007-6
2007,7,Historic,0.054849207,2007-7
2007,8,Historic,0.056171894,2007-8
2007,9,Historic,0.081478187,2007-9
2008,1,Historic,1.726301069,2008-1
2008,10,Historic,0.209157051,2008-10
2008,11,Historic,0.855319819,2008-11
2008,12,Historic,0.635608974,2008-12
2008,2,Historic,2.074177999,2008-2
2008,3,Historic,2.278375257,2008-3
2008,4,Historic,2.988846448,2008-4
2008,5,Historic,5.00840036,2008-5
2008,6,Historic,1.951286448,2008-6
2008,7,Historic,0.232531331,2008-7
2008,8,Historic,0.054709905,2008-8
2008,9,Historic,0.071061705,2008-9
2009,1,Historic,1.523565485,2009-1
2009,10,Historic,0.645273502,2009-10
2009,11,Historic,0.128813319,2009-11
2009,12,Historic,1.180726641,2009-12
2009,2,Historic,1.88247066,2009-2
2009,3,Historic,4.600868397,2009-3
2009,4,Historic,5.13054882,2009-4
2009,5,Historic,13.58283011,2009-5
2009,6,Historic,2.248239076,2009-6
2009,7,Historic,0.554195543,2009-7
2009,8,Historic,0.079723536,2009-8
2009,9,Historic,0.073887304,2009-9
2010,1,Historic,1.398958578,2010-1
2010,10,Historic,0.768882876,2010-10
2010,11,Historic,0.833858271,2010-11
2010,12,Historic,4.699826289,2010-12
2010,2,Historic,2.363774761,2010-2
2010,3,Historic,3.9388851,2010-3
2010,4,Historic,4.029116289,2010-4
2010,5,Historic,4.1628461,2010-5
2010,6,Historic,11.24841973,2010-6
2010,7,Historic,1.724991461,2010-7
2010,8,Historic,0.137722733,2010-8
2010,9,Historic,0.077050408,2010-9
2030,1,CanESM2,1.011073595,2030-1
2030,1,CNRM-CM5,14.84946894,2030-1
2030,1,HadGEM2-ES,1.175206516,2030-1
2030,1,MIROC5,1.616992825,2030-1
2030,10,CanESM2,0.113266232,2030-10
2030,10,CNRM-CM5,1.333868594,2030-10
2030,10,HadGEM2-ES,0.6595867,2030-10
2030,10,MIROC5,0.187626191,2030-10
2030,11,CanESM2,0.687292061,2030-11
2030,11,CNRM-CM5,2.641095403,2030-11
2030,11,HadGEM2-ES,1.096118516,2030-11
2030,11,MIROC5,0.319408307,2030-11
2030,12,CanESM2,2.046186791,2030-12
2030,12,CNRM-CM5,0.878112683,2030-12
2030,12,HadGEM2-ES,0.190462233,2030-12
2030,12,MIROC5,1.294813284,2030-12
2030,2,CanESM2,0.756841515,2030-2
2030,2,CNRM-CM5,5.756371082,2030-2
2030,2,HadGEM2-ES,0.995339868,2030-2
2030,2,MIROC5,1.280863149,2030-2
2030,3,CanESM2,2.928464552,2030-3
2030,3,CNRM-CM5,7.193087695,2030-3
2030,3,HadGEM2-ES,5.139035049,2030-3
2030,3,MIROC5,2.183408234,2030-3
2030,4,CanESM2,4.099326539,2030-4
2030,4,CNRM-CM5,13.55203699,2030-4
2030,4,HadGEM2-ES,6.668717429,2030-4
2030,4,MIROC5,4.282242688,2030-4
2030,5,CanESM2,7.188809499,2030-5
2030,5,CNRM-CM5,17.41072387,2030-5
2030,5,HadGEM2-ES,13.11445155,2030-5
2030,5,MIROC5,3.634991118,2030-5
2030,6,CanESM2,2.264778387,2030-6
2030,6,CNRM-CM5,7.347995101,2030-6
2030,6,HadGEM2-ES,6.948764108,2030-6
2030,6,MIROC5,2.528752215,2030-6
2030,7,CanESM2,0.309513111,2030-7
2030,7,CNRM-CM5,2.235677185,2030-7
2030,7,HadGEM2-ES,1.087233956,2030-7
2030,7,MIROC5,0.279518712,2030-7
2030,8,CanESM2,0.121401351,2030-8
2030,8,CNRM-CM5,0.378850585,2030-8
2030,8,HadGEM2-ES,0.160961863,2030-8
2030,8,MIROC5,0.077096262,2030-8
2030,9,CanESM2,0.064958191,2030-9
2030,9,CNRM-CM5,0.129527874,2030-9
2030,9,HadGEM2-ES,0.062280238,2030-9
2030,9,MIROC5,0.052868991,2030-9
2031,1,CanESM2,1.147967364,2031-1
2031,1,CNRM-CM5,5.199941659,2031-1
2031,1,HadGEM2-ES,0.406946986,2031-1
2031,1,MIROC5,0.669100972,2031-1
2031,10,CanESM2,0.112989215,2031-10
2031,10,CNRM-CM5,0.159139156,2031-10
2031,10,HadGEM2-ES,0.101338068,2031-10
2031,10,MIROC5,0.09395584,2031-10
2031,11,CanESM2,4.731276026,2031-11
2031,11,CNRM-CM5,14.26695688,2031-11
2031,11,HadGEM2-ES,1.178649228,2031-11
2031,11,MIROC5,2.914069065,2031-11
2031,12,CanESM2,0.418702749,2031-12
2031,12,CNRM-CM5,5.748622375,2031-12
2031,12,HadGEM2-ES,6.984760527,2031-12
2031,12,MIROC5,29.34637994,2031-12
2031,2,CanESM2,1.12008667,2031-2
2031,2,CNRM-CM5,3.596625331,2031-2
2031,2,HadGEM2-ES,0.531985163,2031-2
2031,2,MIROC5,2.613177993,2031-2
2031,3,CanESM2,1.88655322,2031-3
2031,3,CNRM-CM5,8.980886941,2031-3
2031,3,HadGEM2-ES,1.435280887,2031-3
2031,3,MIROC5,8.591627704,2031-3
2031,4,CanESM2,4.952130021,2031-4
2031,4,CNRM-CM5,9.818474276,2031-4
2031,4,HadGEM2-ES,2.9593787,2031-4
2031,4,MIROC5,6.100769156,2031-4
2031,5,CanESM2,8.513574816,2031-5
2031,5,CNRM-CM5,14.44723613,2031-5
2031,5,HadGEM2-ES,4.378744163,2031-5
2031,5,MIROC5,11.44560386,2031-5
2031,6,CanESM2,2.619586696,2031-6
2031,6,CNRM-CM5,3.856827326,2031-6
2031,6,HadGEM2-ES,1.829019826,2031-6
2031,6,MIROC5,3.81339519,2031-6
2031,7,CanESM2,0.318498902,2031-7
2031,7,CNRM-CM5,1.085675264,2031-7
2031,7,HadGEM2-ES,0.461444467,2031-7
2031,7,MIROC5,0.596079737,2031-7
2031,8,CanESM2,0.097879546,2031-8
2031,8,CNRM-CM5,0.230261439,2031-8
2031,8,HadGEM2-ES,0.13903802,2031-8
2031,8,MIROC5,0.084411906,2031-8
2031,9,CanESM2,0.067271425,2031-9
2031,9,CNRM-CM5,0.064004402,2031-9
2031,9,HadGEM2-ES,0.090859442,2031-9
2031,9,MIROC5,0.057866174,2031-9
2032,1,CanESM2,2.961296189,2032-1
2032,1,CNRM-CM5,7.211521304,2032-1
2032,1,HadGEM2-ES,5.78950618,2032-1
2032,1,MIROC5,9.491756762,2032-1
2032,10,CanESM2,0.388018921,2032-10
2032,10,CNRM-CM5,0.309590898,2032-10
2032,10,HadGEM2-ES,0.223379497,2032-10
2032,10,MIROC5,0.182381599,2032-10
2032,11,CanESM2,3.338437994,2032-11
2032,11,CNRM-CM5,1.667166445,2032-11
2032,11,HadGEM2-ES,0.821515817,2032-11
2032,11,MIROC5,0.509978052,2032-11
2032,12,CanESM2,2.820283319,2032-12
2032,12,CNRM-CM5,2.084903891,2032-12
2032,12,HadGEM2-ES,0.712170776,2032-12
2032,12,MIROC5,6.399282356,2032-12
2032,2,CanESM2,10.07224793,2032-2
2032,2,CNRM-CM5,7.50136386,2032-2
2032,2,HadGEM2-ES,11.81934374,2032-2
2032,2,MIROC5,8.859953046,2032-2
2032,3,CanESM2,7.323520183,2032-3
2032,3,CNRM-CM5,7.947133884,2032-3
2032,3,HadGEM2-ES,6.301992458,2032-3
2032,3,MIROC5,6.312335565,2032-3
2032,4,CanESM2,12.44525644,2032-4
2032,4,CNRM-CM5,7.567336574,2032-4
2032,4,HadGEM2-ES,5.601213293,2032-4
2032,4,MIROC5,9.204638829,2032-4
2032,5,CanESM2,14.0338798,2032-5
2032,5,CNRM-CM5,15.30443508,2032-5
2032,5,HadGEM2-ES,15.26381213,2032-5
2032,5,MIROC5,10.88214341,2032-5
2032,6,CanESM2,5.620646322,2032-6
2032,6,CNRM-CM5,15.98416755,2032-6
2032,6,HadGEM2-ES,16.15477658,2032-6
2032,6,MIROC5,11.31933171,2032-6
2032,7,CanESM2,2.5234961,2032-7
2032,7,CNRM-CM5,6.643266391,2032-7
2032,7,HadGEM2-ES,6.409657292,2032-7
2032,7,MIROC5,6.074527973,2032-7
2032,8,CanESM2,0.46321893,2032-8
2032,8,CNRM-CM5,1.921381479,2032-8
2032,8,HadGEM2-ES,1.566672632,2032-8
2032,8,MIROC5,0.693749364,2032-8
2032,9,CanESM2,0.07306356,2032-9
2032,9,CNRM-CM5,0.455727621,2032-9
2032,9,HadGEM2-ES,0.196503487,2032-9
2032,9,MIROC5,0.19299254,2032-9
2033,1,CanESM2,4.39169014,2033-1
2033,1,CNRM-CM5,0.32920126,2033-1
2033,1,HadGEM2-ES,3.99282755,2033-1
2033,1,MIROC5,9.238959785,2033-1
2033,10,CanESM2,0.111654949,2033-10
2033,10,CNRM-CM5,0.200100907,2033-10
2033,10,HadGEM2-ES,0.129912289,2033-10
2033,10,MIROC5,0.217072396,2033-10
2033,11,CanESM2,1.23479905,2033-11
2033,11,CNRM-CM5,4.79260234,2033-11
2033,11,HadGEM2-ES,0.5902629,2033-11
2033,11,MIROC5,0.14228629,2033-11
2033,12,CanESM2,0.583889108,2033-12
2033,12,CNRM-CM5,3.388471863,2033-12
2033,12,HadGEM2-ES,0.217744259,2033-12
2033,12,MIROC5,0.41764119,2033-12
2033,2,CanESM2,7.720679243,2033-2
2033,2,CNRM-CM5,19.4131521,2033-2
2033,2,HadGEM2-ES,10.2393419,2033-2
2033,2,MIROC5,2.747537408,2033-2
2033,3,CanESM2,3.370528021,2033-3
2033,3,CNRM-CM5,10.08652121,2033-3
2033,3,HadGEM2-ES,8.002651094,2033-3
2033,3,MIROC5,3.523820073,2033-3
2033,4,CanESM2,8.932576246,2033-4
2033,4,CNRM-CM5,15.63739704,2033-4
2033,4,HadGEM2-ES,5.133079158,2033-4
2033,4,MIROC5,8.905364044,2033-4
2033,5,CanESM2,15.87210094,2033-5
2033,5,CNRM-CM5,7.842244234,2033-5
2033,5,HadGEM2-ES,10.45441427,2033-5
2033,5,MIROC5,11.13339877,2033-5
2033,6,CanESM2,20.5863977,2033-6
2033,6,CNRM-CM5,3.774988242,2033-6
2033,6,HadGEM2-ES,17.84464164,2033-6
2033,6,MIROC5,20.85470559,2033-6
2033,7,CanESM2,3.407825207,2033-7
2033,7,CNRM-CM5,1.096665923,2033-7
2033,7,HadGEM2-ES,7.363887651,2033-7
2033,7,MIROC5,11.69698991,2033-7
2033,8,CanESM2,0.418753092,2033-8
2033,8,CNRM-CM5,0.312818783,2033-8
2033,8,HadGEM2-ES,0.956713477,2033-8
2033,8,MIROC5,1.940973783,2033-8
2033,9,CanESM2,0.076292904,2033-9
2033,9,CNRM-CM5,0.205864182,2033-9
2033,9,HadGEM2-ES,0.113889966,2033-9
2033,9,MIROC5,0.310586156,2033-9
2034,1,CanESM2,2.669186732,2034-1
2034,1,CNRM-CM5,6.295187343,2034-1
2034,1,HadGEM2-ES,0.139054676,2034-1
2034,1,MIROC5,2.174309389,2034-1
2034,10,CanESM2,0.221008257,2034-10
2034,10,CNRM-CM5,0.169151182,2034-10
2034,10,HadGEM2-ES,0.062290601,2034-10
2034,10,MIROC5,0.092535094,2034-10
2034,11,CanESM2,0.260267554,2034-11
2034,11,CNRM-CM5,0.833181389,2034-11
2034,11,HadGEM2-ES,0.186883157,2034-11
2034,11,MIROC5,2.008545998,2034-11
2034,12,CanESM2,0.239484342,2034-12
2034,12,CNRM-CM5,3.339199837,2034-12
2034,12,HadGEM2-ES,0.441581416,2034-12
2034,12,MIROC5,0.38071815,2034-12
2034,2,CanESM2,1.489837041,2034-2
2034,2,CNRM-CM5,2.431909879,2034-2
2034,2,HadGEM2-ES,0.500471863,2034-2
2034,2,MIROC5,0.45080627,2034-2
2034,3,CanESM2,2.313620485,2034-3
2034,3,CNRM-CM5,5.479351178,2034-3
2034,3,HadGEM2-ES,0.466570437,2034-3
2034,3,MIROC5,2.661833993,2034-3
2034,4,CanESM2,6.575601634,2034-4
2034,4,CNRM-CM5,7.558666658,2034-4
2034,4,HadGEM2-ES,0.302656428,2034-4
2034,4,MIROC5,3.862250824,2034-4
2034,5,CanESM2,6.659871291,2034-5
2034,5,CNRM-CM5,15.36957633,2034-5
2034,5,HadGEM2-ES,0.466553314,2034-5
2034,5,MIROC5,7.531903399,2034-5
2034,6,CanESM2,4.5690408,2034-6
2034,6,CNRM-CM5,2.517303388,2034-6
2034,6,HadGEM2-ES,0.138656972,2034-6
2034,6,MIROC5,2.171441529,2034-6
2034,7,CanESM2,0.855231297,2034-7
2034,7,CNRM-CM5,1.763211734,2034-7
2034,7,HadGEM2-ES,0.1101458,2034-7
2034,7,MIROC5,0.278711447,2034-7
2034,8,CanESM2,0.102834232,2034-8
2034,8,CNRM-CM5,0.38656921,2034-8
2034,8,HadGEM2-ES,0.140796755,2034-8
2034,8,MIROC5,0.074157651,2034-8
2034,9,CanESM2,0.072846942,2034-9
2034,9,CNRM-CM5,0.335298468,2034-9
2034,9,HadGEM2-ES,0.059766054,2034-9
2034,9,MIROC5,0.057929481,2034-9
2035,1,CanESM2,0.747764699,2035-1
2035,1,CNRM-CM5,15.3066132,2035-1
2035,1,HadGEM2-ES,1.196056564,2035-1
2035,1,MIROC5,0.212761689,2035-1
2035,10,CanESM2,0.231137693,2035-10
2035,10,CNRM-CM5,0.447808423,2035-10
2035,10,HadGEM2-ES,0.06372435,2035-10
2035,10,MIROC5,0.289376498,2035-10
2035,11,CanESM2,0.607454828,2035-11
2035,11,CNRM-CM5,1.841169667,2035-11
2035,11,HadGEM2-ES,0.159624516,2035-11
2035,11,MIROC5,0.936805448,2035-11
2035,12,CanESM2,0.746991914,2035-12
2035,12,CNRM-CM5,6.046214671,2035-12
2035,12,HadGEM2-ES,0.882619432,2035-12
2035,12,MIROC5,1.599061044,2035-12
2035,2,CanESM2,1.184831774,2035-2
2035,2,CNRM-CM5,8.782813532,2035-2
2035,2,HadGEM2-ES,1.218275855,2035-2
2035,2,MIROC5,0.649048623,2035-2
2035,3,CanESM2,6.303530699,2035-3
2035,3,CNRM-CM5,4.74602735,2035-3
2035,3,HadGEM2-ES,3.198337367,2035-3
2035,3,MIROC5,1.476212107,2035-3
2035,4,CanESM2,10.25179762,2035-4
2035,4,CNRM-CM5,10.29205982,2035-4
2035,4,HadGEM2-ES,3.716761863,2035-4
2035,4,MIROC5,2.236160049,2035-4
2035,5,CanESM2,10.53680713,2035-5
2035,5,CNRM-CM5,18.96700441,2035-5
2035,5,HadGEM2-ES,9.437672248,2035-5
2035,5,MIROC5,4.73286848,2035-5
2035,6,CanESM2,4.633938537,2035-6
2035,6,CNRM-CM5,11.27243893,2035-6
2035,6,HadGEM2-ES,11.90966873,2035-6
2035,6,MIROC5,1.302541253,2035-6
2035,7,CanESM2,1.648360549,2035-7
2035,7,CNRM-CM5,4.194380147,2035-7
2035,7,HadGEM2-ES,2.465795253,2035-7
2035,7,MIROC5,0.120698174,2035-7
2035,8,CanESM2,0.200278965,2035-8
2035,8,CNRM-CM5,0.687567494,2035-8
2035,8,HadGEM2-ES,0.241706167,2035-8
2035,8,MIROC5,0.076975708,2035-8
2035,9,CanESM2,0.194600806,2035-9
2035,9,CNRM-CM5,0.132634339,2035-9
2035,9,HadGEM2-ES,0.066705869,2035-9
2035,9,MIROC5,0.062849616,2035-9
2036,1,CanESM2,1.334155329,2036-1
2036,1,CNRM-CM5,9.197094036,2036-1
2036,1,HadGEM2-ES,0.594622941,2036-1
2036,1,MIROC5,8.422180771,2036-1
2036,10,CanESM2,0.328170879,2036-10
2036,10,CNRM-CM5,0.344605617,2036-10
2036,10,HadGEM2-ES,0.062776584,2036-10
2036,10,MIROC5,0.345796122,2036-10
2036,11,CanESM2,1.486657217,2036-11
2036,11,CNRM-CM5,1.613781796,2036-11
2036,11,HadGEM2-ES,0.458816796,2036-11
2036,11,MIROC5,0.464876567,2036-11
2036,12,CanESM2,4.151588386,2036-12
2036,12,CNRM-CM5,2.26064896,2036-12
2036,12,HadGEM2-ES,2.655773727,2036-12
2036,12,MIROC5,2.485008482,2036-12
2036,2,CanESM2,1.815394801,2036-2
2036,2,CNRM-CM5,15.42509543,2036-2
2036,2,HadGEM2-ES,3.516713476,2036-2
2036,2,MIROC5,7.0873644,2036-2
2036,3,CanESM2,4.5586467,2036-3
2036,3,CNRM-CM5,20.56551951,2036-3
2036,3,HadGEM2-ES,3.095795494,2036-3
2036,3,MIROC5,4.195694074,2036-3
2036,4,CanESM2,8.854916884,2036-4
2036,4,CNRM-CM5,10.44041737,2036-4
2036,4,HadGEM2-ES,5.104783085,2036-4
2036,4,MIROC5,8.353511399,2036-4
2036,5,CanESM2,4.568126316,2036-5
2036,5,CNRM-CM5,23.90758906,2036-5
2036,5,HadGEM2-ES,7.166078397,2036-5
2036,5,MIROC5,17.93743949,2036-5
2036,6,CanESM2,2.18553889,2036-6
2036,6,CNRM-CM5,20.52344283,2036-6
2036,6,HadGEM2-ES,0.818271451,2036-6
2036,6,MIROC5,9.181517462,2036-6
2036,7,CanESM2,0.219249159,2036-7
2036,7,CNRM-CM5,7.9930156,2036-7
2036,7,HadGEM2-ES,0.332682796,2036-7
2036,7,MIROC5,2.63467513,2036-7
2036,8,CanESM2,0.083179582,2036-8
2036,8,CNRM-CM5,1.660631869,2036-8
2036,8,HadGEM2-ES,0.135065341,2036-8
2036,8,MIROC5,0.321180577,2036-8
2036,9,CanESM2,0.309438578,2036-9
2036,9,CNRM-CM5,0.334866519,2036-9
2036,9,HadGEM2-ES,0.061012597,2036-9
2036,9,MIROC5,0.963802579,2036-9
2037,1,CanESM2,22.18804999,2037-1
2037,1,CNRM-CM5,7.098078359,2037-1
2037,1,HadGEM2-ES,3.198097758,2037-1
2037,1,MIROC5,1.395344427,2037-1
2037,10,CanESM2,0.62020914,2037-10
2037,10,CNRM-CM5,0.167968714,2037-10
2037,10,HadGEM2-ES,0.065743536,2037-10
2037,10,MIROC5,0.94902179,2037-10
2037,11,CanESM2,0.432225824,2037-11
2037,11,CNRM-CM5,0.087867993,2037-11
2037,11,HadGEM2-ES,0.276412917,2037-11
2037,11,MIROC5,0.698918014,2037-11
2037,12,CanESM2,1.120779602,2037-12
2037,12,CNRM-CM5,0.820761865,2037-12
2037,12,HadGEM2-ES,0.149215925,2037-12
2037,12,MIROC5,0.26052947,2037-12
2037,2,CanESM2,6.731070771,2037-2
2037,2,CNRM-CM5,17.19282229,2037-2
2037,2,HadGEM2-ES,7.776600413,2037-2
2037,2,MIROC5,1.804368202,2037-2
2037,3,CanESM2,7.319725148,2037-3
2037,3,CNRM-CM5,13.19543678,2037-3
2037,3,HadGEM2-ES,6.363909117,2037-3
2037,3,MIROC5,8.153392746,2037-3
2037,4,CanESM2,7.922272143,2037-4
2037,4,CNRM-CM5,10.90939706,2037-4
2037,4,HadGEM2-ES,4.744441357,2037-4
2037,4,MIROC5,10.11091555,2037-4
2037,5,CanESM2,12.28496571,2037-5
2037,5,CNRM-CM5,20.07335496,2037-5
2037,5,HadGEM2-ES,9.600861277,2037-5
2037,5,MIROC5,10.09718296,2037-5
2037,6,CanESM2,12.68448289,2037-6
2037,6,CNRM-CM5,17.71974866,2037-6
2037,6,HadGEM2-ES,16.82882731,2037-6
2037,6,MIROC5,5.57133682,2037-6
2037,7,CanESM2,6.421192187,2037-7
2037,7,CNRM-CM5,3.87133365,2037-7
2037,7,HadGEM2-ES,10.30809643,2037-7
2037,7,MIROC5,0.87448554,2037-7
2037,8,CanESM2,1.317177995,2037-8
2037,8,CNRM-CM5,0.778588247,2037-8
2037,8,HadGEM2-ES,1.29874208,2037-8
2037,8,MIROC5,0.124694721,2037-8
2037,9,CanESM2,0.345524579,2037-9
2037,9,CNRM-CM5,0.203903418,2037-9
2037,9,HadGEM2-ES,0.107037359,2037-9
2037,9,MIROC5,0.195149433,2037-9
2038,1,CanESM2,0.493381477,2038-1
2038,1,CNRM-CM5,4.437563209,2038-1
2038,1,HadGEM2-ES,0.53948076,2038-1
2038,1,MIROC5,13.67105857,2038-1
2038,10,CanESM2,0.111447732,2038-10
2038,10,CNRM-CM5,1.078637222,2038-10
2038,10,HadGEM2-ES,0.101941591,2038-10
2038,10,MIROC5,0.483866252,2038-10
2038,11,CanESM2,0.159856401,2038-11
2038,11,CNRM-CM5,1.126490653,2038-11
2038,11,HadGEM2-ES,0.891412846,2038-11
2038,11,MIROC5,0.269780326,2038-11
2038,12,CanESM2,4.111261462,2038-12
2038,12,CNRM-CM5,5.555582294,2038-12
2038,12,HadGEM2-ES,1.481865172,2038-12
2038,12,MIROC5,0.24997902,2038-12
2038,2,CanESM2,1.371216545,2038-2
2038,2,CNRM-CM5,7.02090002,2038-2
2038,2,HadGEM2-ES,1.577915352,2038-2
2038,2,MIROC5,13.04388002,2038-2
2038,3,CanESM2,2.106506282,2038-3
2038,3,CNRM-CM5,5.486447677,2038-3
2038,3,HadGEM2-ES,3.475210306,2038-3
2038,3,MIROC5,4.588071452,2038-3
2038,4,CanESM2,5.963250423,2038-4
2038,4,CNRM-CM5,7.941221818,2038-4
2038,4,HadGEM2-ES,6.482727141,2038-4
2038,4,MIROC5,4.705217785,2038-4
2038,5,CanESM2,4.514764748,2038-5
2038,5,CNRM-CM5,9.086532779,2038-5
2038,5,HadGEM2-ES,9.546820445,2038-5
2038,5,MIROC5,9.741404269,2038-5
2038,6,CanESM2,1.608157636,2038-6
2038,6,CNRM-CM5,9.721155326,2038-6
2038,6,HadGEM2-ES,1.894447249,2038-6
2038,6,MIROC5,18.3659977,2038-6
2038,7,CanESM2,0.248197565,2038-7
2038,7,CNRM-CM5,2.659714542,2038-7
2038,7,HadGEM2-ES,0.197228548,2038-7
2038,7,MIROC5,8.614129304,2038-7
2038,8,CanESM2,0.08225057,2038-8
2038,8,CNRM-CM5,0.340222405,2038-8
2038,8,HadGEM2-ES,0.132733078,2038-8
2038,8,MIROC5,0.950406737,2038-8
2038,9,CanESM2,0.088851765,2038-9
2038,9,CNRM-CM5,0.079694556,2038-9
2038,9,HadGEM2-ES,0.14928116,2038-9
2038,9,MIROC5,0.147270642,2038-9
2039,1,CanESM2,0.619952398,2039-1
2039,1,CNRM-CM5,15.73419987,2039-1
2039,1,HadGEM2-ES,2.55081079,2039-1
2039,1,MIROC5,0.54464017,2039-1
2039,10,CanESM2,0.471290117,2039-10
2039,10,CNRM-CM5,0.750952325,2039-10
2039,10,HadGEM2-ES,0.075179274,2039-10
2039,10,MIROC5,0.106654705,2039-10
2039,11,CanESM2,0.52998461,2039-11
2039,11,CNRM-CM5,1.546939641,2039-11
2039,11,HadGEM2-ES,0.134686591,2039-11
2039,11,MIROC5,0.258313807,2039-11
2039,12,CanESM2,2.473482117,2039-12
2039,12,CNRM-CM5,1.573385996,2039-12
2039,12,HadGEM2-ES,0.173664248,2039-12
2039,12,MIROC5,0.21334994,2039-12
2039,2,CanESM2,0.425667281,2039-2
2039,2,CNRM-CM5,8.995807644,2039-2
2039,2,HadGEM2-ES,5.817094176,2039-2
2039,2,MIROC5,0.432978654,2039-2
2039,3,CanESM2,1.92336348,2039-3
2039,3,CNRM-CM5,8.509835225,2039-3
2039,3,HadGEM2-ES,3.595399149,2039-3
2039,3,MIROC5,1.652646296,2039-3
2039,4,CanESM2,6.222350996,2039-4
2039,4,CNRM-CM5,6.978823782,2039-4
2039,4,HadGEM2-ES,5.336092871,2039-4
2039,4,MIROC5,1.51071953,2039-4
2039,5,CanESM2,2.243939852,2039-5
2039,5,CNRM-CM5,21.37540286,2039-5
2039,5,HadGEM2-ES,11.30960336,2039-5
2039,5,MIROC5,1.586390084,2039-5
2039,6,CanESM2,0.727183893,2039-6
2039,6,CNRM-CM5,18.00833327,2039-6
2039,6,HadGEM2-ES,5.43530261,2039-6
2039,6,MIROC5,0.475507965,2039-6
2039,7,CanESM2,0.129497321,2039-7
2039,7,CNRM-CM5,8.310144987,2039-7
2039,7,HadGEM2-ES,1.237794317,2039-7
2039,7,MIROC5,0.096419652,2039-7
2039,8,CanESM2,0.078082593,2039-8
2039,8,CNRM-CM5,1.509180342,2039-8
2039,8,HadGEM2-ES,0.179889227,2039-8
2039,8,MIROC5,0.575012348,2039-8
2039,9,CanESM2,0.074151095,2039-9
2039,9,CNRM-CM5,0.285405244,2039-9
2039,9,HadGEM2-ES,0.062266479,2039-9
2039,9,MIROC5,0.399017278,2039-9
2040,1,CanESM2,4.438363349,2040-1
2040,1,CNRM-CM5,0.679161142,2040-1
2040,1,HadGEM2-ES,0.173744532,2040-1
2040,1,MIROC5,2.302957734,2040-1
2040,10,CanESM2,0.105643323,2040-10
2040,10,CNRM-CM5,0.158005413,2040-10
2040,10,HadGEM2-ES,0.297885092,2040-10
2040,10,MIROC5,0.121729621,2040-10
2040,11,CanESM2,0.754062864,2040-11
2040,11,CNRM-CM5,0.801672128,2040-11
2040,11,HadGEM2-ES,2.921903785,2040-11
2040,11,MIROC5,0.574785529,2040-11
2040,12,CanESM2,0.22801048,2040-12
2040,12,CNRM-CM5,1.479821285,2040-12
2040,12,HadGEM2-ES,0.506160002,2040-12
2040,12,MIROC5,0.19558884,2040-12
2040,2,CanESM2,3.800639411,2040-2
2040,2,CNRM-CM5,1.072470223,2040-2
2040,2,HadGEM2-ES,0.150863481,2040-2
2040,2,MIROC5,1.571524274,2040-2
2040,3,CanESM2,11.82389533,2040-3
2040,3,CNRM-CM5,2.16169116,2040-3
2040,3,HadGEM2-ES,0.242793953,2040-3
2040,3,MIROC5,3.794721336,2040-3
2040,4,CanESM2,12.29994728,2040-4
2040,4,CNRM-CM5,5.499111251,2040-4
2040,4,HadGEM2-ES,0.241824202,2040-4
2040,4,MIROC5,6.409474075,2040-4
2040,5,CanESM2,12.57983435,2040-5
2040,5,CNRM-CM5,4.523962139,2040-5
2040,5,HadGEM2-ES,0.308155155,2040-5
2040,5,MIROC5,9.466862634,2040-5
2040,6,CanESM2,7.653317688,2040-6
2040,6,CNRM-CM5,1.306599383,2040-6
2040,6,HadGEM2-ES,0.064899732,2040-6
2040,6,MIROC5,2.451636606,2040-6
2040,7,CanESM2,2.675731776,2040-7
2040,7,CNRM-CM5,0.212878829,2040-7
2040,7,HadGEM2-ES,0.104312929,2040-7
2040,7,MIROC5,0.531365466,2040-7
2040,8,CanESM2,0.482895079,2040-8
2040,8,CNRM-CM5,0.414638976,2040-8
2040,8,HadGEM2-ES,0.126109318,2040-8
2040,8,MIROC5,0.083379707,2040-8
2040,9,CanESM2,0.141529437,2040-9
2040,9,CNRM-CM5,0.108079048,2040-9
2040,9,HadGEM2-ES,0.372013899,2040-9
2040,9,MIROC5,0.606737163,2040-9
2041,1,CanESM2,0.202475406,2041-1
2041,1,CNRM-CM5,0.331935213,2041-1
2041,1,HadGEM2-ES,0.39410363,2041-1
2041,1,MIROC5,0.312595377,2041-1
2041,10,CanESM2,0.176186794,2041-10
2041,10,CNRM-CM5,0.351941034,2041-10
2041,10,HadGEM2-ES,0.06809275,2041-10
2041,10,MIROC5,0.093401042,2041-10
2041,11,CanESM2,1.591390804,2041-11
2041,11,CNRM-CM5,0.440104669,2041-11
2041,11,HadGEM2-ES,0.234725691,2041-11
2041,11,MIROC5,0.124291195,2041-11
2041,12,CanESM2,0.261314947,2041-12
2041,12,CNRM-CM5,0.357915214,2041-12
2041,12,HadGEM2-ES,1.895221827,2041-12
2041,12,MIROC5,0.317786198,2041-12
2041,2,CanESM2,0.393524674,2041-2
2041,2,CNRM-CM5,0.986358501,2041-2
2041,2,HadGEM2-ES,0.873526728,2041-2
2041,2,MIROC5,0.501283905,2041-2
2041,3,CanESM2,1.023367151,2041-3
2041,3,CNRM-CM5,4.619606126,2041-3
2041,3,HadGEM2-ES,3.10024944,2041-3
2041,3,MIROC5,1.273089494,2041-3
2041,4,CanESM2,1.587738116,2041-4
2041,4,CNRM-CM5,4.850387598,2041-4
2041,4,HadGEM2-ES,8.286909534,2041-4
2041,4,MIROC5,1.431224397,2041-4
2041,5,CanESM2,1.315308874,2041-5
2041,5,CNRM-CM5,6.011631733,2041-5
2041,5,HadGEM2-ES,12.30040508,2041-5
2041,5,MIROC5,1.066473242,2041-5
2041,6,CanESM2,0.348199079,2041-6
2041,6,CNRM-CM5,8.994105513,2041-6
2041,6,HadGEM2-ES,2.892202535,2041-6
2041,6,MIROC5,0.36082261,2041-6
2041,7,CanESM2,0.103063063,2041-7
2041,7,CNRM-CM5,2.178917973,2041-7
2041,7,HadGEM2-ES,0.798668203,2041-7
2041,7,MIROC5,0.093736805,2041-7
2041,8,CanESM2,0.095947622,2041-8
2041,8,CNRM-CM5,0.124884197,2041-8
2041,8,HadGEM2-ES,0.157382418,2041-8
2041,8,MIROC5,0.075232314,2041-8
2041,9,CanESM2,0.115902976,2041-9
2041,9,CNRM-CM5,0.074212394,2041-9
2041,9,HadGEM2-ES,0.124704621,2041-9
2041,9,MIROC5,0.051517735,2041-9
2042,1,CanESM2,1.494011692,2042-1
2042,1,CNRM-CM5,0.251884855,2042-1
2042,1,HadGEM2-ES,8.140239236,2042-1
2042,1,MIROC5,0.244471778,2042-1
2042,10,CanESM2,0.167014693,2042-10
2042,10,CNRM-CM5,0.560151328,2042-10
2042,10,HadGEM2-ES,0.267540998,2042-10
2042,10,MIROC5,0.302371094,2042-10
2042,11,CanESM2,0.210824324,2042-11
2042,11,CNRM-CM5,1.358102402,2042-11
2042,11,HadGEM2-ES,1.463731469,2042-11
2042,11,MIROC5,3.609836848,2042-11
2042,12,CanESM2,0.493983835,2042-12
2042,12,CNRM-CM5,9.031467466,2042-12
2042,12,HadGEM2-ES,3.250009033,2042-12
2042,12,MIROC5,21.09157533,2042-12
2042,2,CanESM2,2.879262673,2042-2
2042,2,CNRM-CM5,0.310336379,2042-2
2042,2,HadGEM2-ES,5.097640463,2042-2
2042,2,MIROC5,0.989363503,2042-2
2042,3,CanESM2,12.64120694,2042-3
2042,3,CNRM-CM5,1.622246786,2042-3
2042,3,HadGEM2-ES,2.366550932,2042-3
2042,3,MIROC5,1.5559658,2042-3
2042,4,CanESM2,10.40845357,2042-4
2042,4,CNRM-CM5,3.749278459,2042-4
2042,4,HadGEM2-ES,6.349369797,2042-4
2042,4,MIROC5,2.184747856,2042-4
2042,5,CanESM2,7.913746912,2042-5
2042,5,CNRM-CM5,3.61207547,2042-5
2042,5,HadGEM2-ES,18.13140022,2042-5
2042,5,MIROC5,2.635527767,2042-5
2042,6,CanESM2,8.711505665,2042-6
2042,6,CNRM-CM5,0.620776272,2042-6
2042,6,HadGEM2-ES,5.786185486,2042-6
2042,6,MIROC5,0.606435167,2042-6
2042,7,CanESM2,1.985265605,2042-7
2042,7,CNRM-CM5,0.103984499,2042-7
2042,7,HadGEM2-ES,1.631042296,2042-7
2042,7,MIROC5,0.109842399,2042-7
2042,8,CanESM2,0.360492891,2042-8
2042,8,CNRM-CM5,0.075260097,2042-8
2042,8,HadGEM2-ES,0.36747174,2042-8
2042,8,MIROC5,0.080076799,2042-8
2042,9,CanESM2,1.544006751,2042-9
2042,9,CNRM-CM5,0.064037258,2042-9
2042,9,HadGEM2-ES,3.161250717,2042-9
2042,9,MIROC5,0.052610151,2042-9
2043,1,CanESM2,0.653252418,2043-1
2043,1,CNRM-CM5,9.836302956,2043-1
2043,1,HadGEM2-ES,14.66570263,2043-1
2043,1,MIROC5,28.39683297,2043-1
2043,10,CanESM2,0.115668612,2043-10
2043,10,CNRM-CM5,0.221060952,2043-10
2043,10,HadGEM2-ES,0.07178495,2043-10
2043,10,MIROC5,1.374793322,2043-10
2043,11,CanESM2,1.193254669,2043-11
2043,11,CNRM-CM5,0.289180034,2043-11
2043,11,HadGEM2-ES,0.213371592,2043-11
2043,11,MIROC5,1.353806688,2043-11
2043,12,CanESM2,0.58993693,2043-12
2043,12,CNRM-CM5,0.654949392,2043-12
2043,12,HadGEM2-ES,0.173975137,2043-12
2043,12,MIROC5,1.276177409,2043-12
2043,2,CanESM2,0.726436083,2043-2
2043,2,CNRM-CM5,4.877682666,2043-2
2043,2,HadGEM2-ES,14.66134812,2043-2
2043,2,MIROC5,12.57900182,2043-2
2043,3,CanESM2,0.810588787,2043-3
2043,3,CNRM-CM5,7.032386054,2043-3
2043,3,HadGEM2-ES,8.532123778,2043-3
2043,3,MIROC5,7.639044691,2043-3
2043,4,CanESM2,2.78150455,2043-4
2043,4,CNRM-CM5,8.35868465,2043-4
2043,4,HadGEM2-ES,12.7292729,2043-4
2043,4,MIROC5,5.678140933,2043-4
2043,5,CanESM2,2.608949853,2043-5
2043,5,CNRM-CM5,14.43656665,2043-5
2043,5,HadGEM2-ES,21.55545991,2043-5
2043,5,MIROC5,16.36832107,2043-5
2043,6,CanESM2,0.288572371,2043-6
2043,6,CNRM-CM5,12.28204353,2043-6
2043,6,HadGEM2-ES,14.4292037,2043-6
2043,6,MIROC5,19.53733115,2043-6
2043,7,CanESM2,0.091650052,2043-7
2043,7,CNRM-CM5,3.410747406,2043-7
2043,7,HadGEM2-ES,5.322722162,2043-7
2043,7,MIROC5,8.683545059,2043-7
2043,8,CanESM2,0.110432576,2043-8
2043,8,CNRM-CM5,0.646780777,2043-8
2043,8,HadGEM2-ES,1.104475379,2043-8
2043,8,MIROC5,1.879232412,2043-8
2043,9,CanESM2,0.10898025,2043-9
2043,9,CNRM-CM5,0.120184566,2043-9
2043,9,HadGEM2-ES,0.185305567,2043-9
2043,9,MIROC5,0.3907968,2043-9
2044,1,CanESM2,0.845949147,2044-1
2044,1,CNRM-CM5,4.769008623,2044-1
2044,1,HadGEM2-ES,0.710808504,2044-1
2044,1,MIROC5,22.80629845,2044-1
2044,10,CanESM2,0.161063836,2044-10
2044,10,CNRM-CM5,0.12908121,2044-10
2044,10,HadGEM2-ES,0.641874882,2044-10
2044,10,MIROC5,0.262640528,2044-10
2044,11,CanESM2,0.162786265,2044-11
2044,11,CNRM-CM5,3.611273965,2044-11
2044,11,HadGEM2-ES,1.076479043,2044-11
2044,11,MIROC5,0.357848696,2044-11
2044,12,CanESM2,5.358816192,2044-12
2044,12,CNRM-CM5,21.83378349,2044-12
2044,12,HadGEM2-ES,0.707813477,2044-12
2044,12,MIROC5,0.170304451,2044-12
2044,2,CanESM2,0.871243754,2044-2
2044,2,CNRM-CM5,8.949308588,2044-2
2044,2,HadGEM2-ES,1.316667706,2044-2
2044,2,MIROC5,8.198016144,2044-2
2044,3,CanESM2,3.423298041,2044-3
2044,3,CNRM-CM5,5.897531094,2044-3
2044,3,HadGEM2-ES,5.220844964,2044-3
2044,3,MIROC5,5.880582941,2044-3
2044,4,CanESM2,4.83279704,2044-4
2044,4,CNRM-CM5,9.323527835,2044-4
2044,4,HadGEM2-ES,5.025094528,2044-4
2044,4,MIROC5,6.703746765,2044-4
2044,5,CanESM2,6.634247132,2044-5
2044,5,CNRM-CM5,11.78519833,2044-5
2044,5,HadGEM2-ES,5.110703432,2044-5
2044,5,MIROC5,9.595398719,2044-5
2044,6,CanESM2,5.111694324,2044-6
2044,6,CNRM-CM5,13.6725939,2044-6
2044,6,HadGEM2-ES,0.555569833,2044-6
2044,6,MIROC5,14.10555714,2044-6
2044,7,CanESM2,0.677508411,2044-7
2044,7,CNRM-CM5,3.390538672,2044-7
2044,7,HadGEM2-ES,0.135015094,2044-7
2044,7,MIROC5,6.662109659,2044-7
2044,8,CanESM2,0.157038618,2044-8
2044,8,CNRM-CM5,0.48989351,2044-8
2044,8,HadGEM2-ES,0.128280159,2044-8
2044,8,MIROC5,0.816322959,2044-8
2044,9,CanESM2,0.069558019,2044-9
2044,9,CNRM-CM5,0.074754545,2044-9
2044,9,HadGEM2-ES,0.071454826,2044-9
2044,9,MIROC5,0.369741125,2044-9
2045,1,CanESM2,9.376328663,2045-1
2045,1,CNRM-CM5,18.49991683,2045-1
2045,1,HadGEM2-ES,1.517885544,2045-1
2045,1,MIROC5,0.699581353,2045-1
2045,10,CanESM2,0.294555738,2045-10
2045,10,CNRM-CM5,1.070413855,2045-10
2045,10,HadGEM2-ES,0.643855542,2045-10
2045,10,MIROC5,0.354170151,2045-10
2045,11,CanESM2,0.576656005,2045-11
2045,11,CNRM-CM5,2.744964291,2045-11
2045,11,HadGEM2-ES,0.950048555,2045-11
2045,11,MIROC5,0.127587407,2045-11
2045,12,CanESM2,0.523120943,2045-12
2045,12,CNRM-CM5,10.60685771,2045-12
2045,12,HadGEM2-ES,1.830869888,2045-12
2045,12,MIROC5,0.086974845,2045-12
2045,2,CanESM2,2.24478799,2045-2
2045,2,CNRM-CM5,5.698094895,2045-2
2045,2,HadGEM2-ES,3.794671397,2045-2
2045,2,MIROC5,0.930097433,2045-2
2045,3,CanESM2,7.536038903,2045-3
2045,3,CNRM-CM5,5.761787375,2045-3
2045,3,HadGEM2-ES,6.323427073,2045-3
2045,3,MIROC5,1.042768889,2045-3
2045,4,CanESM2,10.10275368,2045-4
2045,4,CNRM-CM5,8.452467395,2045-4
2045,4,HadGEM2-ES,6.939839324,2045-4
2045,4,MIROC5,2.409981631,2045-4
2045,5,CanESM2,26.66453425,2045-5
2045,5,CNRM-CM5,12.09972598,2045-5
2045,5,HadGEM2-ES,12.80216891,2045-5
2045,5,MIROC5,0.86781408,2045-5
2045,6,CanESM2,6.948540816,2045-6
2045,6,CNRM-CM5,22.28718019,2045-6
2045,6,HadGEM2-ES,7.6461523,2045-6
2045,6,MIROC5,0.191655381,2045-6
2045,7,CanESM2,1.273935957,2045-7
2045,7,CNRM-CM5,6.077097831,2045-7
2045,7,HadGEM2-ES,1.346773882,2045-7
2045,7,MIROC5,0.081934132,2045-7
2045,8,CanESM2,0.23798101,2045-8
2045,8,CNRM-CM5,1.504645154,2045-8
2045,8,HadGEM2-ES,0.204041242,2045-8
2045,8,MIROC5,0.07131431,2045-8
2045,9,CanESM2,0.122834424,2045-9
2045,9,CNRM-CM5,0.538911445,2045-9
2045,9,HadGEM2-ES,0.113664693,2045-9
2045,9,MIROC5,0.051109875,2045-9
2046,1,CanESM2,3.344158028,2046-1
2046,1,CNRM-CM5,9.87267518,2046-1
2046,1,HadGEM2-ES,2.491814786,2046-1
2046,1,MIROC5,0.145158008,2046-1
2046,10,CanESM2,0.118642109,2046-10
2046,10,CNRM-CM5,0.888951267,2046-10
2046,10,HadGEM2-ES,0.1435601,2046-10
2046,10,MIROC5,0.128390772,2046-10
2046,11,CanESM2,3.003648167,2046-11
2046,11,CNRM-CM5,0.260721002,2046-11
2046,11,HadGEM2-ES,0.653478767,2046-11
2046,11,MIROC5,0.410498654,2046-11
2046,12,CanESM2,0.426909065,2046-12
2046,12,CNRM-CM5,5.295435721,2046-12
2046,12,HadGEM2-ES,2.425788816,2046-12
2046,12,MIROC5,1.186285233,2046-12
2046,2,CanESM2,17.96964697,2046-2
2046,2,CNRM-CM5,6.339794942,2046-2
2046,2,HadGEM2-ES,14.44739235,2046-2
2046,2,MIROC5,1.304090353,2046-2
2046,3,CanESM2,6.954251512,2046-3
2046,3,CNRM-CM5,18.57120524,2046-3
2046,3,HadGEM2-ES,7.748575803,2046-3
2046,3,MIROC5,2.292899817,2046-3
2046,4,CanESM2,9.224083777,2046-4
2046,4,CNRM-CM5,12.84293159,2046-4
2046,4,HadGEM2-ES,16.78962771,2046-4
2046,4,MIROC5,3.200358285,2046-4
2046,5,CanESM2,16.49273333,2046-5
2046,5,CNRM-CM5,10.06175203,2046-5
2046,5,HadGEM2-ES,11.73668282,2046-5
2046,5,MIROC5,1.67443427,2046-5
2046,6,CanESM2,13.25439152,2046-6
2046,6,CNRM-CM5,6.395222046,2046-6
2046,6,HadGEM2-ES,11.45464944,2046-6
2046,6,MIROC5,0.492002558,2046-6
2046,7,CanESM2,2.498210449,2046-7
2046,7,CNRM-CM5,3.953034669,2046-7
2046,7,HadGEM2-ES,2.654757071,2046-7
2046,7,MIROC5,0.11051458,2046-7
2046,8,CanESM2,0.489721256,2046-8
2046,8,CNRM-CM5,0.653025386,2046-8
2046,8,HadGEM2-ES,0.734690893,2046-8
2046,8,MIROC5,0.082121922,2046-8
2046,9,CanESM2,0.095039009,2046-9
2046,9,CNRM-CM5,0.234757909,2046-9
2046,9,HadGEM2-ES,0.15022633,2046-9
2046,9,MIROC5,0.054528859,2046-9
2047,1,CanESM2,4.146105786,2047-1
2047,1,CNRM-CM5,16.25882676,2047-1
2047,1,HadGEM2-ES,2.94757623,2047-1
2047,1,MIROC5,4.770572234,2047-1
2047,10,CanESM2,0.14333577,2047-10
2047,10,CNRM-CM5,0.333085835,2047-10
2047,10,HadGEM2-ES,0.070553782,2047-10
2047,10,MIROC5,0.095414563,2047-10
2047,11,CanESM2,0.700063327,2047-11
2047,11,CNRM-CM5,0.210532608,2047-11
2047,11,HadGEM2-ES,0.460668688,2047-11
2047,11,MIROC5,3.602701652,2047-11
2047,12,CanESM2,0.547507961,2047-12
2047,12,CNRM-CM5,2.078777852,2047-12
2047,12,HadGEM2-ES,0.145662901,2047-12
2047,12,MIROC5,4.806718624,2047-12
2047,2,CanESM2,8.9030538,2047-2
2047,2,CNRM-CM5,21.4305457,2047-2
2047,2,HadGEM2-ES,5.665969593,2047-2
2047,2,MIROC5,3.366084403,2047-2
2047,3,CanESM2,5.483053355,2047-3
2047,3,CNRM-CM5,9.204800421,2047-3
2047,3,HadGEM2-ES,8.455316676,2047-3
2047,3,MIROC5,4.170735505,2047-3
2047,4,CanESM2,8.60174902,2047-4
2047,4,CNRM-CM5,8.618972414,2047-4
2047,4,HadGEM2-ES,7.43905634,2047-4
2047,4,MIROC5,4.747195811,2047-4
2047,5,CanESM2,9.110523607,2047-5
2047,5,CNRM-CM5,18.97247289,2047-5
2047,5,HadGEM2-ES,9.077539145,2047-5
2047,5,MIROC5,15.42840567,2047-5
2047,6,CanESM2,7.478106761,2047-6
2047,6,CNRM-CM5,15.90944133,2047-6
2047,6,HadGEM2-ES,4.068802061,2047-6
2047,6,MIROC5,4.111765076,2047-6
2047,7,CanESM2,1.625508426,2047-7
2047,7,CNRM-CM5,7.451860917,2047-7
2047,7,HadGEM2-ES,1.167059996,2047-7
2047,7,MIROC5,0.300785375,2047-7
2047,8,CanESM2,0.243389935,2047-8
2047,8,CNRM-CM5,1.481583042,2047-8
2047,8,HadGEM2-ES,0.185845215,2047-8
2047,8,MIROC5,0.081699789,2047-8
2047,9,CanESM2,0.077601275,2047-9
2047,9,CNRM-CM5,0.418861532,2047-9
2047,9,HadGEM2-ES,0.067120416,2047-9
2047,9,MIROC5,0.218481713,2047-9
2048,1,CanESM2,4.505554059,2048-1
2048,1,CNRM-CM5,0.617769585,2048-1
2048,1,HadGEM2-ES,0.348827602,2048-1
2048,1,MIROC5,15.50776234,2048-1
2048,10,CanESM2,0.152661801,2048-10
2048,10,CNRM-CM5,0.414481048,2048-10
2048,10,HadGEM2-ES,0.096528785,2048-10
2048,10,MIROC5,0.366448427,2048-10
2048,11,CanESM2,1.359655062,2048-11
2048,11,CNRM-CM5,0.260903395,2048-11
2048,11,HadGEM2-ES,1.101708576,2048-11
2048,11,MIROC5,0.142591826,2048-11
2048,12,CanESM2,0.769407948,2048-12
2048,12,CNRM-CM5,2.162984302,2048-12
2048,12,HadGEM2-ES,1.140503517,2048-12
2048,12,MIROC5,3.055564685,2048-12
2048,2,CanESM2,4.004871731,2048-2
2048,2,CNRM-CM5,10.73471359,2048-2
2048,2,HadGEM2-ES,0.291088689,2048-2
2048,2,MIROC5,8.792786632,2048-2
2048,3,CanESM2,5.980881329,2048-3
2048,3,CNRM-CM5,9.199195159,2048-3
2048,3,HadGEM2-ES,0.309095272,2048-3
2048,3,MIROC5,14.16671994,2048-3
2048,4,CanESM2,9.774042323,2048-4
2048,4,CNRM-CM5,8.125732819,2048-4
2048,4,HadGEM2-ES,0.636524104,2048-4
2048,4,MIROC5,9.759205001,2048-4
2048,5,CanESM2,19.70610243,2048-5
2048,5,CNRM-CM5,10.03671556,2048-5
2048,5,HadGEM2-ES,0.212198428,2048-5
2048,5,MIROC5,15.61173326,2048-5
2048,6,CanESM2,3.526541522,2048-6
2048,6,CNRM-CM5,4.810996663,2048-6
2048,6,HadGEM2-ES,0.081871501,2048-6
2048,6,MIROC5,8.449805448,2048-6
2048,7,CanESM2,1.052907714,2048-7
2048,7,CNRM-CM5,0.83583858,2048-7
2048,7,HadGEM2-ES,0.12265742,2048-7
2048,7,MIROC5,3.786930424,2048-7
2048,8,CanESM2,0.175151847,2048-8
2048,8,CNRM-CM5,0.260101295,2048-8
2048,8,HadGEM2-ES,0.152322329,2048-8
2048,8,MIROC5,0.853299941,2048-8
2048,9,CanESM2,0.139696221,2048-9
2048,9,CNRM-CM5,0.062794287,2048-9
2048,9,HadGEM2-ES,0.287066227,2048-9
2048,9,MIROC5,0.371832653,2048-9
2049,1,CanESM2,2.946318736,2049-1
2049,1,CNRM-CM5,2.555129453,2049-1
2049,1,HadGEM2-ES,0.75768699,2049-1
2049,1,MIROC5,0.638040989,2049-1
2049,10,CanESM2,0.105138571,2049-10
2049,10,CNRM-CM5,0.210021716,2049-10
2049,10,HadGEM2-ES,0.077727672,2049-10
2049,10,MIROC5,0.181759915,2049-10
2049,11,CanESM2,0.434542302,2049-11
2049,11,CNRM-CM5,0.583390787,2049-11
2049,11,HadGEM2-ES,3.227934393,2049-11
2049,11,MIROC5,0.103178073,2049-11
2049,12,CanESM2,1.285026181,2049-12
2049,12,CNRM-CM5,0.840614149,2049-12
2049,12,HadGEM2-ES,4.716570755,2049-12
2049,12,MIROC5,0.092194263,2049-12
2049,2,CanESM2,3.825800588,2049-2
2049,2,CNRM-CM5,11.99118563,2049-2
2049,2,HadGEM2-ES,1.769025396,2049-2
2049,2,MIROC5,3.361114387,2049-2
2049,3,CanESM2,5.818724863,2049-3
2049,3,CNRM-CM5,6.07687922,2049-3
2049,3,HadGEM2-ES,2.562962374,2049-3
2049,3,MIROC5,4.408258347,2049-3
2049,4,CanESM2,4.891856434,2049-4
2049,4,CNRM-CM5,8.290285118,2049-4
2049,4,HadGEM2-ES,3.724503913,2049-4
2049,4,MIROC5,5.954063217,2049-4
2049,5,CanESM2,7.424257921,2049-5
2049,5,CNRM-CM5,14.30884907,2049-5
2049,5,HadGEM2-ES,3.537616667,2049-5
2049,5,MIROC5,11.65500337,2049-5
2049,6,CanESM2,4.516931017,2049-6
2049,6,CNRM-CM5,7.892864821,2049-6
2049,6,HadGEM2-ES,2.884046627,2049-6
2049,6,MIROC5,4.714912972,2049-6
2049,7,CanESM2,1.330520048,2049-7
2049,7,CNRM-CM5,2.37886309,2049-7
2049,7,HadGEM2-ES,0.665798369,2049-7
2049,7,MIROC5,0.612593996,2049-7
2049,8,CanESM2,0.143451705,2049-8
2049,8,CNRM-CM5,0.425212583,2049-8
2049,8,HadGEM2-ES,0.142587228,2049-8
2049,8,MIROC5,0.093504458,2049-8
2049,9,CanESM2,0.082164847,2049-9
2049,9,CNRM-CM5,0.101172823,2049-9
2049,9,HadGEM2-ES,0.090416561,2049-9
2049,9,MIROC5,0.053482964,2049-9
2050,1,CanESM2,1.378158892,2050-1
2050,1,CNRM-CM5,7.105208633,2050-1
2050,1,HadGEM2-ES,34.50238149,2050-1
2050,1,MIROC5,0.19124084,2050-1
2050,10,CanESM2,0.381036161,2050-10
2050,10,CNRM-CM5,0.456122817,2050-10
2050,10,HadGEM2-ES,0.157867154,2050-10
2050,10,MIROC5,0.092243669,2050-10
2050,11,CanESM2,0.853553993,2050-11
2050,11,CNRM-CM5,0.581207811,2050-11
2050,11,HadGEM2-ES,0.290837819,2050-11
2050,11,MIROC5,0.215622688,2050-11
2050,12,CanESM2,0.52143001,2050-12
2050,12,CNRM-CM5,6.267796874,2050-12
2050,12,HadGEM2-ES,27.56007934,2050-12
2050,12,MIROC5,3.532841237,2050-12
2050,2,CanESM2,0.953165903,2050-2
2050,2,CNRM-CM5,11.35741765,2050-2
2050,2,HadGEM2-ES,10.614844,2050-2
2050,2,MIROC5,1.611130808,2050-2
2050,3,CanESM2,5.938803709,2050-3
2050,3,CNRM-CM5,7.273909488,2050-3
2050,3,HadGEM2-ES,6.318168228,2050-3
2050,3,MIROC5,1.7791858,2050-3
2050,4,CanESM2,5.632352407,2050-4
2050,4,CNRM-CM5,13.48896916,2050-4
2050,4,HadGEM2-ES,9.323387179,2050-4
2050,4,MIROC5,4.679472666,2050-4
2050,5,CanESM2,6.563021449,2050-5
2050,5,CNRM-CM5,11.82670742,2050-5
2050,5,HadGEM2-ES,14.18619415,2050-5
2050,5,MIROC5,2.223707614,2050-5
2050,6,CanESM2,1.842911676,2050-6
2050,6,CNRM-CM5,9.127674827,2050-6
2050,6,HadGEM2-ES,13.63768031,2050-6
2050,6,MIROC5,0.300134454,2050-6
2050,7,CanESM2,0.360726567,2050-7
2050,7,CNRM-CM5,1.373020264,2050-7
2050,7,HadGEM2-ES,14.57953937,2050-7
2050,7,MIROC5,0.091849762,2050-7
2050,8,CanESM2,0.085474692,2050-8
2050,8,CNRM-CM5,0.239736578,2050-8
2050,8,HadGEM2-ES,3.286357242,2050-8
2050,8,MIROC5,0.071390915,2050-8
2050,9,CanESM2,0.160578932,2050-9
2050,9,CNRM-CM5,0.086750418,2050-9
2050,9,HadGEM2-ES,0.449392438,2050-9
2050,9,MIROC5,0.051689866,2050-9
2051,1,CanESM2,0.74776205,2051-1
2051,1,CNRM-CM5,4.280692365,2051-1
2051,1,HadGEM2-ES,9.410513293,2051-1
2051,1,MIROC5,1.701008841,2051-1
2051,10,CanESM2,0.329208793,2051-10
2051,10,CNRM-CM5,0.690328988,2051-10
2051,10,HadGEM2-ES,0.184155979,2051-10
2051,10,MIROC5,0.1080053,2051-10
2051,11,CanESM2,0.792402139,2051-11
2051,11,CNRM-CM5,0.220301619,2051-11
2051,11,HadGEM2-ES,0.171031306,2051-11
2051,11,MIROC5,0.072565137,2051-11
2051,12,CanESM2,0.333010796,2051-12
2051,12,CNRM-CM5,1.604475952,2051-12
2051,12,HadGEM2-ES,2.464323887,2051-12
2051,12,MIROC5,0.211951409,2051-12
2051,2,CanESM2,1.513426432,2051-2
2051,2,CNRM-CM5,3.436283369,2051-2
2051,2,HadGEM2-ES,3.976904814,2051-2
2051,2,MIROC5,1.627248109,2051-2
2051,3,CanESM2,3.114938158,2051-3
2051,3,CNRM-CM5,10.77319889,2051-3
2051,3,HadGEM2-ES,3.720329623,2051-3
2051,3,MIROC5,3.724275052,2051-3
2051,4,CanESM2,3.469149918,2051-4
2051,4,CNRM-CM5,15.81188356,2051-4
2051,4,HadGEM2-ES,5.307069921,2051-4
2051,4,MIROC5,7.613272146,2051-4
2051,5,CanESM2,4.413241031,2051-5
2051,5,CNRM-CM5,8.84477809,2051-5
2051,5,HadGEM2-ES,16.67433457,2051-5
2051,5,MIROC5,8.294507367,2051-5
2051,6,CanESM2,3.347766421,2051-6
2051,6,CNRM-CM5,4.838239003,2051-6
2051,6,HadGEM2-ES,8.586562254,2051-6
2051,6,MIROC5,3.038407705,2051-6
2051,7,CanESM2,0.410395624,2051-7
2051,7,CNRM-CM5,0.68647787,2051-7
2051,7,HadGEM2-ES,3.234946083,2051-7
2051,7,MIROC5,0.303518823,2051-7
2051,8,CanESM2,0.084857323,2051-8
2051,8,CNRM-CM5,0.126024917,2051-8
2051,8,HadGEM2-ES,0.809827936,2051-8
2051,8,MIROC5,0.07776135,2051-8
2051,9,CanESM2,0.072806284,2051-9
2051,9,CNRM-CM5,1.599099164,2051-9
2051,9,HadGEM2-ES,1.195205142,2051-9
2051,9,MIROC5,0.053232907,2051-9
2052,1,CanESM2,0.178497005,2052-1
2052,1,CNRM-CM5,0.774502923,2052-1
2052,1,HadGEM2-ES,1.545213283,2052-1
2052,1,MIROC5,5.055513694,2052-1
2052,10,CanESM2,0.112687075,2052-10
2052,10,CNRM-CM5,0.132800719,2052-10
2052,10,HadGEM2-ES,0.069374312,2052-10
2052,10,MIROC5,0.097436309,2052-10
2052,11,CanESM2,0.638275619,2052-11
2052,11,CNRM-CM5,0.069071406,2052-11
2052,11,HadGEM2-ES,0.626147166,2052-11
2052,11,MIROC5,0.305390766,2052-11
2052,12,CanESM2,2.587190789,2052-12
2052,12,CNRM-CM5,1.314994548,2052-12
2052,12,HadGEM2-ES,2.213892097,2052-12
2052,12,MIROC5,0.294236823,2052-12
2052,2,CanESM2,2.176410518,2052-2
2052,2,CNRM-CM5,1.138556109,2052-2
2052,2,HadGEM2-ES,4.385045077,2052-2
2052,2,MIROC5,0.900826593,2052-2
2052,3,CanESM2,4.268380016,2052-3
2052,3,CNRM-CM5,4.073903666,2052-3
2052,3,HadGEM2-ES,5.091540486,2052-3
2052,3,MIROC5,2.873769045,2052-3
2052,4,CanESM2,8.173463243,2052-4
2052,4,CNRM-CM5,5.291296512,2052-4
2052,4,HadGEM2-ES,4.760005937,2052-4
2052,4,MIROC5,3.926873887,2052-4
2052,5,CanESM2,8.38472977,2052-5
2052,5,CNRM-CM5,2.084110075,2052-5
2052,5,HadGEM2-ES,15.64261516,2052-5
2052,5,MIROC5,7.837091108,2052-5
2052,6,CanESM2,1.620196561,2052-6
2052,6,CNRM-CM5,0.306011283,2052-6
2052,6,HadGEM2-ES,5.77288921,2052-6
2052,6,MIROC5,2.386442538,2052-6
2052,7,CanESM2,0.443564555,2052-7
2052,7,CNRM-CM5,0.095006157,2052-7
2052,7,HadGEM2-ES,0.93724057,2052-7
2052,7,MIROC5,0.30274982,2052-7
2052,8,CanESM2,0.089157507,2052-8
2052,8,CNRM-CM5,0.073793847,2052-8
2052,8,HadGEM2-ES,0.167579169,2052-8
2052,8,MIROC5,0.07793464,2052-8
2052,9,CanESM2,0.093122362,2052-9
2052,9,CNRM-CM5,0.070454912,2052-9
2052,9,HadGEM2-ES,0.073368978,2052-9
2052,9,MIROC5,0.068281203,2052-9
2053,1,CanESM2,2.362124363,2053-1
2053,1,CNRM-CM5,1.402074691,2053-1
2053,1,HadGEM2-ES,4.595795177,2053-1
2053,1,MIROC5,1.080479248,2053-1
2053,10,CanESM2,0.425413993,2053-10
2053,10,CNRM-CM5,0.204181194,2053-10
2053,10,HadGEM2-ES,0.101379966,2053-10
2053,10,MIROC5,0.447579145,2053-10
2053,11,CanESM2,1.781664814,2053-11
2053,11,CNRM-CM5,0.075869752,2053-11
2053,11,HadGEM2-ES,0.267015984,2053-11
2053,11,MIROC5,1.781228543,2053-11
2053,12,CanESM2,2.41452545,2053-12
2053,12,CNRM-CM5,1.346375721,2053-12
2053,12,HadGEM2-ES,0.830311098,2053-12
2053,12,MIROC5,1.931800287,2053-12
2053,2,CanESM2,1.806570812,2053-2
2053,2,CNRM-CM5,0.646960978,2053-2
2053,2,HadGEM2-ES,11.39151964,2053-2
2053,2,MIROC5,5.03223342,2053-2
2053,3,CanESM2,2.312722038,2053-3
2053,3,CNRM-CM5,3.619505897,2053-3
2053,3,HadGEM2-ES,7.79195525,2053-3
2053,3,MIROC5,3.820734332,2053-3
2053,4,CanESM2,3.46014863,2053-4
2053,4,CNRM-CM5,5.789736664,2053-4
2053,4,HadGEM2-ES,6.76712981,2053-4
2053,4,MIROC5,5.263659444,2053-4
2053,5,CanESM2,6.005731953,2053-5
2053,5,CNRM-CM5,6.412967309,2053-5
2053,5,HadGEM2-ES,9.730072557,2053-5
2053,5,MIROC5,5.012332872,2053-5
2053,6,CanESM2,2.234929853,2053-6
2053,6,CNRM-CM5,3.060130285,2053-6
2053,6,HadGEM2-ES,15.08894957,2053-6
2053,6,MIROC5,1.440568213,2053-6
2053,7,CanESM2,0.239013988,2053-7
2053,7,CNRM-CM5,0.376743408,2053-7
2053,7,HadGEM2-ES,7.305099626,2053-7
2053,7,MIROC5,0.126610353,2053-7
2053,8,CanESM2,0.100075973,2053-8
2053,8,CNRM-CM5,0.084211446,2053-8
2053,8,HadGEM2-ES,0.709787497,2053-8
2053,8,MIROC5,0.073821363,2053-8
2053,9,CanESM2,0.088409032,2053-9
2053,9,CNRM-CM5,0.074329762,2053-9
2053,9,HadGEM2-ES,0.270727566,2053-9
2053,9,MIROC5,0.054574248,2053-9
2054,1,CanESM2,0.977353935,2054-1
2054,1,CNRM-CM5,4.001056466,2054-1
2054,1,HadGEM2-ES,0.608586852,2054-1
2054,1,MIROC5,8.945291096,2054-1
2054,10,CanESM2,0.105772889,2054-10
2054,10,CNRM-CM5,0.319481522,2054-10
2054,10,HadGEM2-ES,0.118615759,2054-10
2054,10,MIROC5,0.207695618,2054-10
2054,11,CanESM2,0.783642734,2054-11
2054,11,CNRM-CM5,0.569340736,2054-11
2054,11,HadGEM2-ES,0.142471758,2054-11
2054,11,MIROC5,9.512786531,2054-11
2054,12,CanESM2,1.536362304,2054-12
2054,12,CNRM-CM5,1.502170427,2054-12
2054,12,HadGEM2-ES,1.205869987,2054-12
2054,12,MIROC5,5.462669895,2054-12
2054,2,CanESM2,1.156072835,2054-2
2054,2,CNRM-CM5,11.52245095,2054-2
2054,2,HadGEM2-ES,1.179538304,2054-2
2054,2,MIROC5,20.34639131,2054-2
2054,3,CanESM2,6.225623911,2054-3
2054,3,CNRM-CM5,8.840267559,2054-3
2054,3,HadGEM2-ES,2.59729836,2054-3
2054,3,MIROC5,11.35423812,2054-3
2054,4,CanESM2,5.349579946,2054-4
2054,4,CNRM-CM5,9.364869489,2054-4
2054,4,HadGEM2-ES,4.385747005,2054-4
2054,4,MIROC5,7.790195836,2054-4
2054,5,CanESM2,10.10922606,2054-5
2054,5,CNRM-CM5,12.53630244,2054-5
2054,5,HadGEM2-ES,1.589960998,2054-5
2054,5,MIROC5,18.00724179,2054-5
2054,6,CanESM2,2.713092747,2054-6
2054,6,CNRM-CM5,4.562643503,2054-6
2054,6,HadGEM2-ES,0.317220829,2054-6
2054,6,MIROC5,5.646539514,2054-6
2054,7,CanESM2,0.366616479,2054-7
2054,7,CNRM-CM5,0.811798282,2054-7
2054,7,HadGEM2-ES,0.153086486,2054-7
2054,7,MIROC5,3.195610319,2054-7
2054,8,CanESM2,0.111673472,2054-8
2054,8,CNRM-CM5,0.122540464,2054-8
2054,8,HadGEM2-ES,0.135905059,2054-8
2054,8,MIROC5,0.518021,2054-8
2054,9,CanESM2,0.072063015,2054-9
2054,9,CNRM-CM5,0.063895557,2054-9
2054,9,HadGEM2-ES,0.076041245,2054-9
2054,9,MIROC5,0.160359622,2054-9
2055,1,CanESM2,2.287666711,2055-1
2055,1,CNRM-CM5,6.036504107,2055-1
2055,1,HadGEM2-ES,1.466599642,2055-1
2055,1,MIROC5,8.131779146,2055-1
2055,10,CanESM2,0.406831531,2055-10
2055,10,CNRM-CM5,0.21879892,2055-10
2055,10,HadGEM2-ES,0.155908986,2055-10
2055,10,MIROC5,0.114617324,2055-10
2055,11,CanESM2,0.374624999,2055-11
2055,11,CNRM-CM5,2.573475758,2055-11
2055,11,HadGEM2-ES,0.993449699,2055-11
2055,11,MIROC5,0.22620383,2055-11
2055,12,CanESM2,0.566135192,2055-12
2055,12,CNRM-CM5,32.78630877,2055-12
2055,12,HadGEM2-ES,1.991088095,2055-12
2055,12,MIROC5,2.15911717,2055-12
2055,2,CanESM2,4.117568068,2055-2
2055,2,CNRM-CM5,6.790903837,2055-2
2055,2,HadGEM2-ES,6.702623466,2055-2
2055,2,MIROC5,6.200901852,2055-2
2055,3,CanESM2,4.761002477,2055-3
2055,3,CNRM-CM5,9.839342136,2055-3
2055,3,HadGEM2-ES,3.015237484,2055-3
2055,3,MIROC5,3.086250454,2055-3
2055,4,CanESM2,5.207257418,2055-4
2055,4,CNRM-CM5,10.15592714,2055-4
2055,4,HadGEM2-ES,7.182256081,2055-4
2055,4,MIROC5,9.153235508,2055-4
2055,5,CanESM2,6.309768516,2055-5
2055,5,CNRM-CM5,21.5204986,2055-5
2055,5,HadGEM2-ES,6.773287519,2055-5
2055,5,MIROC5,14.33164654,2055-5
2055,6,CanESM2,3.035799948,2055-6
2055,6,CNRM-CM5,4.246177975,2055-6
2055,6,HadGEM2-ES,1.161207252,2055-6
2055,6,MIROC5,8.559928645,2055-6
2055,7,CanESM2,0.805140992,2055-7
2055,7,CNRM-CM5,2.146060437,2055-7
2055,7,HadGEM2-ES,0.409918037,2055-7
2055,7,MIROC5,3.175416348,2055-7
2055,8,CanESM2,0.100189621,2055-8
2055,8,CNRM-CM5,0.321258277,2055-8
2055,8,HadGEM2-ES,0.279024652,2055-8
2055,8,MIROC5,0.352897843,2055-8
2055,9,CanESM2,0.099503435,2055-9
2055,9,CNRM-CM5,0.130601425,2055-9
2055,9,HadGEM2-ES,0.067693096,2055-9
2055,9,MIROC5,0.57539411,2055-9
2056,1,CanESM2,0.507325924,2056-1
2056,1,CNRM-CM5,16.69805322,2056-1
2056,1,HadGEM2-ES,0.449848003,2056-1
2056,1,MIROC5,0.433443845,2056-1
2056,10,CanESM2,0.092006251,2056-10
2056,10,CNRM-CM5,0.449578868,2056-10
2056,10,HadGEM2-ES,0.07965544,2056-10
2056,10,MIROC5,0.093952037,2056-10
2056,11,CanESM2,2.980382599,2056-11
2056,11,CNRM-CM5,0.429304098,2056-11
2056,11,HadGEM2-ES,0.460820024,2056-11
2056,11,MIROC5,1.638775154,2056-11
2056,12,CanESM2,2.770861071,2056-12
2056,12,CNRM-CM5,0.822850046,2056-12
2056,12,HadGEM2-ES,0.461153976,2056-12
2056,12,MIROC5,0.175606273,2056-12
2056,2,CanESM2,0.275269094,2056-2
2056,2,CNRM-CM5,5.274565544,2056-2
2056,2,HadGEM2-ES,1.250672916,2056-2
2056,2,MIROC5,0.313591167,2056-2
2056,3,CanESM2,0.529085083,2056-3
2056,3,CNRM-CM5,10.77952955,2056-3
2056,3,HadGEM2-ES,3.908318027,2056-3
2056,3,MIROC5,1.784796236,2056-3
2056,4,CanESM2,1.75280347,2056-4
2056,4,CNRM-CM5,15.62576398,2056-4
2056,4,HadGEM2-ES,5.118392648,2056-4
2056,4,MIROC5,4.179789999,2056-4
2056,5,CanESM2,3.299332243,2056-5
2056,5,CNRM-CM5,9.913288878,2056-5
2056,5,HadGEM2-ES,10.88341778,2056-5
2056,5,MIROC5,7.028753494,2056-5
2056,6,CanESM2,1.012563817,2056-6
2056,6,CNRM-CM5,15.98172565,2056-6
2056,6,HadGEM2-ES,5.9616098,2056-6
2056,6,MIROC5,1.402895325,2056-6
2056,7,CanESM2,0.119519572,2056-7
2056,7,CNRM-CM5,4.572508297,2056-7
2056,7,HadGEM2-ES,0.517476474,2056-7
2056,7,MIROC5,0.175887873,2056-7
2056,8,CanESM2,0.084712239,2056-8
2056,8,CNRM-CM5,1.127202413,2056-8
2056,8,HadGEM2-ES,0.137851521,2056-8
2056,8,MIROC5,0.075135903,2056-8
2056,9,CanESM2,0.063047847,2056-9
2056,9,CNRM-CM5,0.222805327,2056-9
2056,9,HadGEM2-ES,0.061920982,2056-9
2056,9,MIROC5,0.055749455,2056-9
2057,1,CanESM2,2.480570769,2057-1
2057,1,CNRM-CM5,3.463637086,2057-1
2057,1,HadGEM2-ES,0.214790246,2057-1
2057,1,MIROC5,1.404416026,2057-1
2057,10,CanESM2,0.114887188,2057-10
2057,10,CNRM-CM5,0.157830764,2057-10
2057,10,HadGEM2-ES,1.378682122,2057-10
2057,10,MIROC5,0.196832477,2057-10
2057,11,CanESM2,0.165421954,2057-11
2057,11,CNRM-CM5,0.19556911,2057-11
2057,11,HadGEM2-ES,0.866882527,2057-11
2057,11,MIROC5,0.17800271,2057-11
2057,12,CanESM2,1.189190711,2057-12
2057,12,CNRM-CM5,0.393125392,2057-12
2057,12,HadGEM2-ES,0.567867058,2057-12
2057,12,MIROC5,0.58086818,2057-12
2057,2,CanESM2,1.450602007,2057-2
2057,2,CNRM-CM5,5.623861485,2057-2
2057,2,HadGEM2-ES,1.325467638,2057-2
2057,2,MIROC5,1.911758245,2057-2
2057,3,CanESM2,5.962055029,2057-3
2057,3,CNRM-CM5,3.820632377,2057-3
2057,3,HadGEM2-ES,2.504926929,2057-3
2057,3,MIROC5,3.528001722,2057-3
2057,4,CanESM2,8.05744559,2057-4
2057,4,CNRM-CM5,8.099121157,2057-4
2057,4,HadGEM2-ES,3.440292453,2057-4
2057,4,MIROC5,7.950470001,2057-4
2057,5,CanESM2,10.97586001,2057-5
2057,5,CNRM-CM5,14.51712737,2057-5
2057,5,HadGEM2-ES,2.806497922,2057-5
2057,5,MIROC5,3.630670286,2057-5
2057,6,CanESM2,3.764424234,2057-6
2057,6,CNRM-CM5,3.072418498,2057-6
2057,6,HadGEM2-ES,0.253932434,2057-6
2057,6,MIROC5,0.832538035,2057-6
2057,7,CanESM2,1.193182362,2057-7
2057,7,CNRM-CM5,0.375197585,2057-7
2057,7,HadGEM2-ES,0.121966553,2057-7
2057,7,MIROC5,0.109746581,2057-7
2057,8,CanESM2,0.123421427,2057-8
2057,8,CNRM-CM5,0.090922026,2057-8
2057,8,HadGEM2-ES,0.124728524,2057-8
2057,8,MIROC5,0.071428075,2057-8
2057,9,CanESM2,0.104600018,2057-9
2057,9,CNRM-CM5,0.090631167,2057-9
2057,9,HadGEM2-ES,0.195013314,2057-9
2057,9,MIROC5,0.101114499,2057-9
2058,1,CanESM2,0.644157162,2058-1
2058,1,CNRM-CM5,0.687843393,2058-1
2058,1,HadGEM2-ES,0.170759002,2058-1
2058,1,MIROC5,0.646502019,2058-1
2058,10,CanESM2,0.137621264,2058-10
2058,10,CNRM-CM5,0.540859109,2058-10
2058,10,HadGEM2-ES,0.132954277,2058-10
2058,10,MIROC5,0.156321485,2058-10
2058,11,CanESM2,2.760262091,2058-11
2058,11,CNRM-CM5,2.322083158,2058-11
2058,11,HadGEM2-ES,0.475761322,2058-11
2058,11,MIROC5,0.871057154,2058-11
2058,12,CanESM2,7.268288214,2058-12
2058,12,CNRM-CM5,1.120503183,2058-12
2058,12,HadGEM2-ES,0.406377794,2058-12
2058,12,MIROC5,1.604992738,2058-12
2058,2,CanESM2,0.764623044,2058-2
2058,2,CNRM-CM5,1.982467565,2058-2
2058,2,HadGEM2-ES,0.366928049,2058-2
2058,2,MIROC5,0.700044704,2058-2
2058,3,CanESM2,3.520165158,2058-3
2058,3,CNRM-CM5,4.985947676,2058-3
2058,3,HadGEM2-ES,1.129490131,2058-3
2058,3,MIROC5,0.422653357,2058-3
2058,4,CanESM2,6.547160823,2058-4
2058,4,CNRM-CM5,3.676251021,2058-4
2058,4,HadGEM2-ES,3.228901475,2058-4
2058,4,MIROC5,0.577784592,2058-4
2058,5,CanESM2,3.026309281,2058-5
2058,5,CNRM-CM5,3.707607547,2058-5
2058,5,HadGEM2-ES,3.591412158,2058-5
2058,5,MIROC5,0.18469017,2058-5
2058,6,CanESM2,0.935297971,2058-6
2058,6,CNRM-CM5,1.401051781,2058-6
2058,6,HadGEM2-ES,0.646876882,2058-6
2058,6,MIROC5,0.094945847,2058-6
2058,7,CanESM2,0.140081929,2058-7
2058,7,CNRM-CM5,0.297767009,2058-7
2058,7,HadGEM2-ES,0.142724566,2058-7
2058,7,MIROC5,0.07952232,2058-7
2058,8,CanESM2,0.131433329,2058-8
2058,8,CNRM-CM5,0.078068907,2058-8
2058,8,HadGEM2-ES,0.143421425,2058-8
2058,8,MIROC5,0.0699116,2058-8
2058,9,CanESM2,0.490507187,2058-9
2058,9,CNRM-CM5,0.105761274,2058-9
2058,9,HadGEM2-ES,0.065060198,2058-9
2058,9,MIROC5,0.06307446,2058-9
2059,1,CanESM2,22.82130922,2059-1
2059,1,CNRM-CM5,14.05096845,2059-1
2059,1,HadGEM2-ES,0.269653269,2059-1
2059,1,MIROC5,2.571800252,2059-1
2059,10,CanESM2,0.96283485,2059-10
2059,10,CNRM-CM5,0.393859772,2059-10
2059,10,HadGEM2-ES,0.068793276,2059-10
2059,10,MIROC5,0.171619027,2059-10
2059,11,CanESM2,0.361205462,2059-11
2059,11,CNRM-CM5,4.913054029,2059-11
2059,11,HadGEM2-ES,0.661915526,2059-11
2059,11,MIROC5,0.080836332,2059-11
2059,12,CanESM2,5.550785219,2059-12
2059,12,CNRM-CM5,14.24470905,2059-12
2059,12,HadGEM2-ES,0.741586864,2059-12
2059,12,MIROC5,3.079291941,2059-12
2059,2,CanESM2,8.02333497,2059-2
2059,2,CNRM-CM5,23.02839463,2059-2
2059,2,HadGEM2-ES,0.342611172,2059-2
2059,2,MIROC5,7.627667724,2059-2
2059,3,CanESM2,6.068184836,2059-3
2059,3,CNRM-CM5,6.896805641,2059-3
2059,3,HadGEM2-ES,1.108535097,2059-3
2059,3,MIROC5,4.685484005,2059-3
2059,4,CanESM2,10.37225363,2059-4
2059,4,CNRM-CM5,9.584189482,2059-4
2059,4,HadGEM2-ES,4.358679782,2059-4
2059,4,MIROC5,6.525424186,2059-4
2059,5,CanESM2,8.72686056,2059-5
2059,5,CNRM-CM5,18.02215558,2059-5
2059,5,HadGEM2-ES,1.755624801,2059-5
2059,5,MIROC5,9.970925897,2059-5
2059,6,CanESM2,7.375239135,2059-6
2059,6,CNRM-CM5,14.14512401,2059-6
2059,6,HadGEM2-ES,0.325685885,2059-6
2059,6,MIROC5,5.96282698,2059-6
2059,7,CanESM2,2.331754703,2059-7
2059,7,CNRM-CM5,6.277949836,2059-7
2059,7,HadGEM2-ES,0.155350932,2059-7
2059,7,MIROC5,1.866564964,2059-7
2059,8,CanESM2,0.36995526,2059-8
2059,8,CNRM-CM5,1.104750855,2059-8
2059,8,HadGEM2-ES,0.138501574,2059-8
2059,8,MIROC5,0.201621812,2059-8
2059,9,CanESM2,0.164674044,2059-9
2059,9,CNRM-CM5,0.348868694,2059-9
2059,9,HadGEM2-ES,0.090989151,2059-9
2059,9,MIROC5,0.067270161,2059-9
2060,1,CanESM2,13.62468723,2060-1
2060,1,CNRM-CM5,31.6813066,2060-1
2060,1,HadGEM2-ES,0.463636108,2060-1
2060,1,MIROC5,6.004345171,2060-1
2060,10,CanESM2,1.167547619,2060-10
2060,10,CNRM-CM5,0.488336319,2060-10
2060,10,HadGEM2-ES,0.069532306,2060-10
2060,10,MIROC5,0.267075585,2060-10
2060,11,CanESM2,0.747657682,2060-11
2060,11,CNRM-CM5,0.121892298,2060-11
2060,11,HadGEM2-ES,0.528920649,2060-11
2060,11,MIROC5,0.391619482,2060-11
2060,12,CanESM2,9.57988103,2060-12
2060,12,CNRM-CM5,0.663331862,2060-12
2060,12,HadGEM2-ES,0.713333831,2060-12
2060,12,MIROC5,1.257876036,2060-12
2060,2,CanESM2,14.25273817,2060-2
2060,2,CNRM-CM5,20.73502983,2060-2
2060,2,HadGEM2-ES,1.260945873,2060-2
2060,2,MIROC5,2.112000181,2060-2
2060,3,CanESM2,6.132096755,2060-3
2060,3,CNRM-CM5,22.9368046,2060-3
2060,3,HadGEM2-ES,2.501590418,2060-3
2060,3,MIROC5,2.116143434,2060-3
2060,4,CanESM2,13.54120032,2060-4
2060,4,CNRM-CM5,16.08045619,2060-4
2060,4,HadGEM2-ES,3.457647841,2060-4
2060,4,MIROC5,4.827692604,2060-4
2060,5,CanESM2,23.95431411,2060-5
2060,5,CNRM-CM5,20.75162102,2060-5
2060,5,HadGEM2-ES,5.875882348,2060-5
2060,5,MIROC5,10.68480362,2060-5
2060,6,CanESM2,9.50708744,2060-6
2060,6,CNRM-CM5,15.08723383,2060-6
2060,6,HadGEM2-ES,2.061717696,2060-6
2060,6,MIROC5,5.886318165,2060-6
2060,7,CanESM2,3.275532973,2060-7
2060,7,CNRM-CM5,10.07629228,2060-7
2060,7,HadGEM2-ES,0.287333177,2060-7
2060,7,MIROC5,1.116473944,2060-7
2060,8,CanESM2,0.630671503,2060-8
2060,8,CNRM-CM5,3.005703663,2060-8
2060,8,HadGEM2-ES,0.160029253,2060-8
2060,8,MIROC5,0.176198824,2060-8
2060,9,CanESM2,0.114503498,2060-9
2060,9,CNRM-CM5,0.913742337,2060-9
2060,9,HadGEM2-ES,0.088460626,2060-9
2060,9,MIROC5,0.079874818,2060-9
